MAPK_signaling_pathway	hsa04010	CACNA1A	CACNA1B	CACNA1C	CACNA1D	CACNA1E	CACNA1F	CACNA1G	CACNA1H	CACNA1I	CACNA1S	CACNA2D1	CACNA2D2	CACNA2D3	CACNA2D4	CACNB1	CACNB2	CACNB3	CACNB4	CACNG1	CACNG2	CACNG3	CACNG4	CACNG5	CACNG6	CACNG7	CACNG8	PRKACA	PRKACB	PRKACG	PRKCA	PRKCB	PRKCG	GNA12	GNG12	PPP3CA	PPP3CB	PPP3CC	PPP3R1	PPP3R2	RASGRF1	RASGRF2	RASGRP1	RASGRP2	RASGRP3	RASGRP4	RAPGEF2	NF1	RASA1	RASA2	RAP1A	RAP1B	EGF	TGFA	EREG	AREG	FGF1	FGF2	FGF3	FGF4	FGF17	FGF6	FGF7	FGF8	FGF9	FGF10	FGF16	FGF5	FGF18	FGF20	FGF22	FGF19	FGF21	FGF23	NGF	BDNF	NTF3	NTF4	INS	IGF1	IGF2	PDGFA	PDGFB	PDGFC	PDGFD	CSF1	KITLG	FLT3LG	VEGFA	VEGFB	PGF	VEGFC	VEGFD	HGF	ANGPT1	ANGPT2	ANGPT4	EFNA1	EFNA2	EFNA3	EFNA4	EFNA5	EFNA4-EFNA3	GDNF	NRTN	ARTN	PSPN	EGFR	ERBB2	ERBB3	ERBB4	FGFR1	FGFR2	FGFR3	FGFR4	NGFR	NTRK1	NTRK2	INSR	IGF1R	PDGFRA	PDGFRB	CSF1R	KIT	FLT3	FLT1	FLT4	KDR	MET	TEK	EPHA2	RET	GRB2	SOS1	SOS2	HRAS	KRAS	NRAS	RRAS	RRAS2	MRAS	ARAF	BRAF	RAF1	MAP2K1	MAP2K2	LAMTOR3	MAPK1	MAPK3	MKNK1	MKNK2	RPS6KA3	RPS6KA1	RPS6KA2	RPS6KA6	ATF4	ELK1	ELK4	MYC	SRF	FOS	MAPT	STMN1	PLA2G4E	PLA2G4A	JMJD7-PLA2G4B	PLA2G4B	PLA2G4C	PLA2G4D	PLA2G4F	TNF	IL1A	IL1B	TGFB1	TGFB2	TGFB3	TNFRSF1A	IL1R1	IL1RAP	TGFBR1	TGFBR2	FASLG	FAS	CD14	RAC1	RAC2	RAC3	CDC42	TRADD	CASP3	TRAF2	DAXX	MYD88	IRAK1	IRAK4	TRAF6	GADD45A	GADD45B	GADD45G	TAB1	TAB2	ECSIT	MAP4K3	MAP4K4	MAP4K1	PAK1	PAK2	STK4	STK3	MAP4K2	MAP3K8	MAP3K1	MAP3K11	MAP3K2	MAP3K3	MAP3K9	MAP3K10	MAP3K21	MAP3K12	MAP3K13	MAP3K20	MAP3K6	MAP3K5	MAP3K7	MAP3K4	TAOK2	TAOK3	TAOK1	MAP2K4	MAP2K7	MAP2K3	MAP2K6	MAPK8IP1	MAPK8IP2	MAPK8IP3	FLNA	CRK	CRKL	ARRB1	ARRB2	MAPK8	MAPK10	MAPK9	MAPK11	MAPK12	MAPK13	MAPK14	MAPKAPK5	MAPKAPK2	MAPKAPK3	RPS6KA5	RPS6KA4	CDC25B	NFATC1	NFATC3	JUN	JUND	ATF2	TP53	DDIT3	MAX	MEF2C	HSPB1	AKT1	AKT2	AKT3	PPM1A	PTPRR	PTPN5	PTPN7	DUSP1	DUSP4	DUSP2	DUSP7	DUSP8	DUSP5	DUSP16	DUSP6	DUSP9	DUSP10	DUSP3	PPP5C	PPM1B	HSPA8	HSPA1A	HSPA1L	HSPA1B	HSPA6	MECOM	MAP2K5	MAPK7	NR4A1	MAP3K14	CHUK	IKBKB	IKBKG	NLK	NFKB1	NFKB2	RELA	RELB
ErbB_signaling_pathway	hsa04012	EGF	TGFA	AREG	EGFR	ERBB2	PLCG1	PLCG2	CAMK2A	CAMK2D	CAMK2B	CAMK2G	PRKCA	PRKCB	PRKCG	CBL	CBLB	STAT5A	STAT5B	SRC	PTK2	CRK	CRKL	ABL1	ABL2	NCK1	NCK2	PAK1	PAK2	PAK3	PAK4	PAK5	PAK6	BUB1B-PAK6	MAP2K4	MAP2K7	MAPK8	MAPK10	MAPK9	JUN	ELK1	BTC	HBEGF	EREG	ERBB3	NRG1	NRG2	ERBB4	SHC1	SHC2	SHC3	SHC4	GRB2	SOS1	SOS2	HRAS	KRAS	NRAS	ARAF	BRAF	RAF1	MAP2K1	MAP2K2	MAPK1	MAPK3	MYC	GAB1	NRG3	NRG4	PIK3CA	PIK3CD	PIK3CB	PIK3R1	PIK3R2	PIK3R3	P3R3URF-PIK3R3	AKT1	AKT2	AKT3	MTOR	RPS6KB1	RPS6KB2	EIF4EBP1	BAD	GSK3B	CDKN1B	CDKN1A
Ras_signaling_pathway	hsa04014	EGF	TGFA	FGF1	FGF2	FGF3	FGF4	FGF17	FGF6	FGF7	FGF8	FGF9	FGF10	FGF16	FGF5	FGF18	FGF20	FGF22	FGF19	FGF21	FGF23	NGF	BDNF	NTF3	NTF4	INS	IGF1	IGF2	PDGFA	PDGFB	PDGFC	PDGFD	CSF1	KITLG	FLT3LG	VEGFA	VEGFB	PGF	VEGFC	VEGFD	HGF	ANGPT1	ANGPT2	ANGPT4	EFNA1	EFNA2	EFNA3	EFNA4	EFNA5	EFNA4-EFNA3	EGFR	FGFR1	FGFR2	FGFR3	FGFR4	NGFR	NTRK1	NTRK2	INSR	IGF1R	PDGFRA	PDGFRB	CSF1R	KIT	FLT3	FLT1	FLT4	KDR	MET	TEK	EPHA2	GRB2	GAB1	GAB2	SHC1	SHC2	SHC3	SHC4	PTPN11	SOS1	SOS2	PLCG1	PLCG2	RASGRP1	RASGRP2	RASGRP3	RASGRP4	ZAP70	LAT	HTR7	GNB1	GNB2	GNB3	GNB4	GNB5	GNG2	GNG3	GNG4	GNG5	GNG7	GNG8	GNG10	GNG11	GNG12	GNG13	GNGT1	GNGT2	PRKACA	PRKACB	PRKACG	RASGRF1	RASGRF2	GRIN1	GRIN2A	GRIN2B	CALML3	CALM2	CALM3	CALM1	CALML6	CALML5	CALML4	HRAS	KRAS	NRAS	MRAS	RRAS	RRAS2	NF1	RASA1	RASA2	RASA3	RASA4	RASA4B	SYNGAP1	RASAL1	RASAL2	RASAL3	RASSF1	RASSF5	STK4	TIAM1	RAC1	RAC2	RAC3	PAK1	PAK2	PAK3	PAK4	PAK5	PAK6	BUB1B-PAK6	RHOA	PIK3CA	PIK3CD	PIK3CB	PIK3R1	PIK3R2	PIK3R3	P3R3URF-PIK3R3	AKT1	AKT2	AKT3	IKBKG	CHUK	IKBKB	NFKB1	RELA	BAD	BCL2L1	FOXO4	FASLG	RALGAPA1	RALGAPA2	RALGAPB	RALGDS	RGL1	RGL2	RALA	RALB	PLD1	PLD2	EXOC2	TBK1	REL	MAPK8	MAPK10	MAPK9	RALBP1	CDC42	AFDN	SHOC2	RAF1	MAP2K1	MAP2K2	MAPK1	MAPK3	PLA1A	PLA2G10	PLA2G2D	PLA2G2E	PLA2G3	PLA2G2F	PLA2G12A	PLA2G12B	PLA2G1B	PLA2G5	PLA2G2A	PLA2G2C	PLA2G4E	PLA2G4A	JMJD7-PLA2G4B	PLA2G4B	PLA2G4C	PLA2G4D	PLA2G4F	PLA2G6	PLAAT3	PLAAT2	ELK1	ETS1	ETS2	BRAP	KSR1	KSR2	RAPGEF5	RAP1A	RAP1B	PLCE1	PRKCA	PRKCB	PRKCG	RIN1	ABL1	ABL2	RAB5A	RAB5B	RAB5C	ARF6
Rap1_signaling_pathway	hsa04015	RAP1A	RAP1B	MRAS	RAPGEF5	DOCK4	GRIN1	GRIN2A	GRIN2B	CALML3	CALM2	CALM3	CALM1	CALML6	CALML5	CALML4	F2R	F2RL3	P2RY1	FPR1	LPAR1	LPAR2	LPAR3	LPAR4	LPAR5	ADORA2A	ADORA2B	GNAS	ADCY1	ADCY2	ADCY3	ADCY4	ADCY5	ADCY6	ADCY7	ADCY8	ADCY9	RAPGEF3	RAPGEF4	GNAQ	PLCB1	PLCB2	PLCB3	PLCB4	RASGRP3	RASGRP2	EGF	FGF1	FGF2	FGF3	FGF4	FGF17	FGF6	FGF7	FGF8	FGF9	FGF10	FGF16	FGF5	FGF18	FGF20	FGF22	FGF19	FGF21	FGF23	NGF	INS	IGF1	PDGFA	PDGFB	PDGFC	PDGFD	CSF1	KITLG	VEGFA	VEGFB	PGF	VEGFC	VEGFD	HGF	ANGPT1	ANGPT2	ANGPT4	EFNA1	EFNA2	EFNA3	EFNA4	EFNA5	EFNA4-EFNA3	EGFR	FGFR1	FGFR2	FGFR3	FGFR4	NGFR	INSR	IGF1R	PDGFRA	PDGFRB	CSF1R	KIT	FLT1	FLT4	KDR	MET	TEK	EPHA2	CRK	CRKL	RAPGEF1	BCAR1	CDH1	CTNNB1	MAGI1	MAGI2	MAGI3	RAPGEF2	RAPGEF6	LAT	FYB1	LCP2	SKAP1	PLCG1	PRKCA	PRKCB	PRKCG	PRKD1	PRKD3	PRKD2	DRD2	CNR1	GNAI1	GNAI3	GNAI2	GNAO1	RAP1GAP	SIPA1L1	SIPA1	SIPA1L2	SIPA1L3	ID1	THBS1	RALGDS	RALA	RALB	RAC1	RAC2	RAC3	APBB1IP	TLN1	TLN2	ITGA2B	ITGB3	PFN3	PFN1	PFN2	PFN4	VASP	ENAH	EVL	ACTG1	ACTB	ARAP3	RHOA	SRC	FARP2	CDC42	VAV3	VAV1	VAV2	TIAM1	PARD3	PARD6A	PARD6G	PARD6B	PRKCZ	PRKCI	AFDN	CTNND1	KRIT1	RGS14	RASSF5	ITGAL	ITGAM	ITGB2	ITGB1	BRAF	RAF1	MAP2K1	MAP2K2	MAPK1	MAPK3	MAP2K3	MAP2K6	MAPK11	MAPK12	MAPK13	MAPK14	PIK3CA	PIK3CD	PIK3CB	PIK3R1	PIK3R2	PIK3R3	P3R3URF-PIK3R3	AKT1	AKT2	AKT3	PLCE1	HRAS	KRAS	NRAS	RRAS
Wnt_signaling_pathway	hsa04310	PORCN	WNT1	WNT2	WNT2B	WNT3	WNT3A	WNT4	WNT5A	WNT5B	WNT6	WNT7A	WNT7B	WNT8A	WNT8B	WNT9A	WNT9B	WNT10B	WNT10A	WNT11	WNT16	CER1	NOTUM	WIF1	SOST	DKK1	DKK2	DKK4	SERPINF1	SFRP1	SFRP2	FRZB	SFRP4	SFRP5	RSPO1	RSPO2	RSPO3	RSPO4	LGR4	LGR5	LGR6	RNF43	ZNRF3	FZD1	FZD7	FZD2	FZD3	FZD4	FZD5	FZD8	FZD6	FZD10	FZD9	LRP5	LRP6	BAMBI	APCDD1	APCDD1L	CSNK1E	TPTEP2-CSNK1E	CCDC88C	DVL3	DVL2	DVL1	FRAT1	FRAT2	CSNK2A1	CSNK2A2	CSNK2A3	CSNK2B	NKD1	NKD2	CXXC4	SENP2	GSK3B	CTNNB1	AXIN1	AXIN2	APC	APC2	CSNK1A1L	CSNK1A1	TCF7	TCF7L1	TCF7L2	LEF1	LZTS2	CTNNBIP1	CBY1	CHD8	MCC	CCAR2	SIRT1	SOX17	CTBP1	CTBP2	TLE7	TLE1	TLE2	TLE3	TLE4	TLE6	CTNND2	CREBBP	EP300	RUVBL1	SMAD4	SMAD3	MAP3K7	NLK	MYC	JUN	FOSL1	CCND1	CCND2	CCND3	CCN4	PPARD	MMP7	PSEN1	PRKACA	PRKACB	PRKACG	TP53	SIAH1	CACYBP	SKP1	TBL1X	TBL1Y	TBL1XR1	BTRC	FBXW11	CUL1	RBX1	GPC4	ROR1	ROR2	RYK	VANGL2	VANGL1	PRICKLE1	PRICKLE2	PRICKLE4	PRICKLE3	INVS	DAAM1	DAAM2	RHOA	ROCK2	RAC1	RAC2	RAC3	MAPK8	MAPK10	MAPK9	PLCB1	PLCB2	PLCB3	PLCB4	CAMK2A	CAMK2D	CAMK2B	CAMK2G	PPP3CA	PPP3CB	PPP3CC	PPP3R1	PPP3R2	PRKCA	PRKCB	PRKCG	NFATC1	NFATC2	NFATC3	NFATC4
Notch_signaling_pathway	hsa04330	DLL3	DLL1	DLL4	JAG1	JAG2	MFNG	LFNG	RFNG	NOTCH1	NOTCH2	NOTCH3	NOTCH4	RBPJL	RBPJ	HES1	HES5	HEYL	HEY1	HEY2	PTCRA	NRARP	DVL3	DVL2	DVL1	NUMB	NUMBL	ITCH	DTX2	DTX3L	DTX1	DTX3	DTX4	ADAM17	PSEN1	PSEN2	PSENEN	NCSTN	APH1A	APH1B	MAML3	MAML2	MAML1	CREBBP	EP300	KAT2B	KAT2A	SNW1	CTBP1	CTBP2	TLE7	TLE1	TLE2	TLE3	TLE4	TLE6	NCOR2	CIR1	SPEN	HDAC1	HDAC2	ATXN1L	ATXN1
Hedgehog_signaling_pathway	hsa04340	PTCH1	PTCH2	SMO	GPR161	PRKACA	PRKACB	PRKACG	CSNK1A1L	CSNK1A1	CSNK1G2	CSNK1G3	CSNK1G1	CSNK1D	CSNK1E	TPTEP2-CSNK1E	GSK3B	GLI1	GLI2	GLI3	SUFU	KIF7	HHIP	CCND1	CCND2	BCL2	CUL1	BTRC	FBXW11	HHAT	HHATL	SHH	IHH	DHH	DISP1	SCUBE2	BOC	CDON	GAS1	LRP2	MOSMO	MEGF8	MGRN1	SMURF1	SMURF2	GRK2	GRK3	EVC	EVC2	EFCAB7	IQCE	ARRB1	ARRB2	KIF3A	CUL3	SPOP	SPOPL
TGF-beta_signaling_pathway	hsa04350	CHRD	NOG	NBL1	MICOS10-NBL1	GREM1	GREM2	THBS1	DCN	FMOD	LEFTY1	LEFTY2	FST	BMP2	BMP4	BMP6	INHBB	TF	BMP5	BMP7	BMP8B	BMP8A	GDF5	GDF6	GDF7	AMH	IFNG	TNF	THSD4	FBN1	LTBP1	TGFB1	TGFB2	TGFB3	INHBA	INHBC	INHBE	NODAL	BMPR1A	BMPR1B	ACVR1	BMPR2	ACVR2A	HJV	NEO1	HFE	TFR2	TFRC	RGMA	RGMB	AMHR2	TGFBR1	TGFBR2	EMP3	LRRC32	NRROS	ACVR1B	ACVR2B	ACVR1C	IGSF1	BAMBI	SMAD1	SMAD5	SMAD9	SMAD2	SMAD3	SMAD4	SMAD6	SMAD7	SMURF1	SMURF2	ZFYVE9	ZFYVE16	RBX1	CUL1	SKP1	MAPK1	MAPK3	RHOA	ROCK1	PPP2R1B	PPP2R1A	PPP2CA	PPP2CB	RPS6KB1	RPS6KB2	HAMP	ID1	ID2	ID3	ID4	RBL1	E2F4	E2F5	TFDP1	CREBBP	EP300	SP1	SKIL	SKI	SIN3A	HDAC1	HDAC2	NCOR1	TGIF1	TGIF2	MYC	CDKN2B	PITX2
Hippo_signaling_pathway	hsa04390	CRB2	CRB1	PARD3	PARD6A	PARD6G	PARD6B	PRKCZ	PRKCI	PATJ	PALS1	AMOT	YAP1	WWTR1	CDH1	LIMD1	AJUBA	WTIP	NF2	WWC1	FRMD1	FRMD6	SAV1	STK3	RASSF6	RASSF1	PPP2CA	PPP2CB	PPP2R1B	PPP2R1A	PPP2R2A	PPP2R2B	PPP2R2C	PPP2R2D	LATS2	LATS1	MOB1A	MOB1B	PPP1CA	PPP1CB	PPP1CC	TP53BP2	LLGL2	LLGL1	SCRIB	DLG1	DLG2	DLG3	DLG4	DLG5	CSNK1D	CSNK1E	TPTEP2-CSNK1E	BTRC	FBXW11	TP73	BBC3	TEAD1	TEAD4	TEAD3	TEAD2	CCN2	GLI2	AREG	BIRC5	AFP	ITGB2	FGF1	TGFB1	TGFB2	TGFB3	TGFBR1	TGFBR2	SMAD7	SMAD2	SMAD3	SMAD4	SERPINE1	BMP2	BMP4	BMP5	BMP6	BMP7	BMP8B	BMP8A	GDF5	GDF6	GDF7	AMH	BMPR1A	BMPR1B	BMPR2	SMAD1	ID1	ID2	WNT1	WNT2	WNT2B	WNT3	WNT3A	WNT4	WNT5A	WNT5B	WNT6	WNT7A	WNT7B	WNT8A	WNT8B	WNT9A	WNT9B	WNT10B	WNT10A	WNT11	WNT16	FZD1	FZD7	FZD2	FZD3	FZD4	FZD5	FZD8	FZD6	FZD10	FZD9	DVL3	DVL2	DVL1	YWHAZ	YWHAB	YWHAQ	YWHAE	YWHAH	YWHAG	GSK3B	CTNNB1	APC	APC2	AXIN1	AXIN2	NKD1	NKD2	TCF7	TCF7L1	TCF7L2	LEF1	MYC	CCND1	CCND2	CCND3	SOX2	SNAI2	BIRC2	BIRC3	ACTG1	ACTB	CTNNA3	CTNNA1	CTNNA2
Hippo_signaling_pathway_-_multiple_species	hsa04392	DCHS1	DCHS2	FAT4	CSNK1E	TPTEP2-CSNK1E	NF2	WWC1	FRMD1	FRMD6	RASSF1	RASSF6	STK3	SAV1	LATS2	LATS1	MOB1A	MOB1B	LIMD1	AJUBA	WTIP	YAP1	WWTR1	TEAD1	TEAD4	TEAD3	TEAD2	RASSF2	RASSF4	PAK1
VEGF_signaling_pathway	hsa04370	VEGFA	KDR	SH2D2A	PLCG1	PLCG2	PRKCA	PRKCB	PRKCG	SPHK1	SPHK2	HRAS	KRAS	NRAS	RAF1	MAP2K1	MAP2K2	MAPK1	MAPK3	PLA2G4E	PLA2G4A	JMJD7-PLA2G4B	PLA2G4B	PLA2G4C	PLA2G4D	PLA2G4F	PPP3CA	PPP3CB	PPP3CC	PPP3R1	PPP3R2	NFATC2	PTGS2	PTK2	SHC2	PXN	CDC42	MAPK11	MAPK12	MAPK13	MAPK14	MAPKAPK2	MAPKAPK3	HSPB1	SRC	PIK3CA	PIK3CD	PIK3CB	PIK3R1	PIK3R2	PIK3R3	P3R3URF-PIK3R3	RAC1	RAC2	RAC3	AKT1	AKT2	AKT3	NOS3	CASP9	BAD
Apelin_signaling_pathway	hsa04371	ADCY1	ADCY2	ADCY3	ADCY4	ADCY5	ADCY6	ADCY7	ADCY8	ADCY9	ADCY10	PRKACA	PRKACB	PRKACG	LIPE	APLN	APELA	APLNR	GNAI1	GNAI3	GNAI2	GNB1	GNB2	GNB3	GNB4	GNB5	GNG2	GNG3	GNG4	GNG5	GNG7	GNG8	GNG10	GNG11	GNG12	GNG13	GNGT1	GNGT2	GNAQ	PLCB1	PLCB2	PLCB3	PLCB4	ITPR1	ITPR2	ITPR3	RYR1	RYR2	RYR3	CALML3	CALM2	CALM3	CALM1	CALML6	CALML5	CALML4	NOS1	NOS2	NOS3	PRKCE	SLC9A1	SLC8A1	SLC8A2	SLC8A3	MYLK	MYLK2	MYLK3	MYLK4	MYL2	MYL3	MYL4	HRAS	KRAS	NRAS	RRAS	RRAS2	MRAS	RAF1	MAP2K1	MAP2K2	MAPK1	MAPK3	RPS6KB1	RPS6KB2	RPS6	PIK3CG	PIK3R5	PIK3R6	AKT1	AKT2	AKT3	MTOR	EGR1	SPP1	JAG1	NOTCH3	CCND1	PDE3B	PIK3C3	PIK3R4	BECN1	BECN2	MAP1LC3C	MAP1LC3B	MAP1LC3A	MAP1LC3B2	MAP1LC3BP1	PRKAA1	PRKAA2	PRKAB1	PRKAB2	PRKAG1	PRKAG3	PRKAG2	PLIN1	PPARGC1A	UCP1	NRF1	TFAM	KLF2	SPHK1	SPHK2	GNA13	CAMK4	HDAC4	HDAC5	MEF2A	BORCS8-MEF2B	MEF2B	MEF2C	MEF2D	TGFBR1	SMAD2	SMAD3	SMAD4	ACTA2	CDH1	CCN2	AGTR1	SERPINE1	PLAT
JAK-STAT_signaling_pathway	hsa04630	IL2	IL4	IL7	IL9	IL15	IL21	TSLP	IL2RA	IL2RB	IL2RG	IL4R	IL7R	IL9R	IL15RA	IL21R	CRLF2	IL3	IL5	CSF2	IL3RA	IL5RA	CSF2RA	CSF2RB	IL6	IL11	IL13	IL27	IL31	OSM	LIF	CNTF	CTF1	CLCF1	IL6R	IL6ST	IL11RA	IL13RA1	IL13RA2	IL27RA	IL31RA	OSMR	LIFR	CNTFR	IL10	IL19	IL22	IL20	IL24	IL26	IL10RA	IL10RB	IL20RA	IL20RB	IL22RA1	IL22RA2	IL12A	IL12B	IL23A	IL12RB1	IL12RB2	IL23R	EPO	GH1	GH2	CSH1	CSH2	CSHL1	PRL	THPO	CSF3	LEP	EPOR	GHR	PRLR	MPL	CSF3R	LEPR	IFNA1	IFNA2	IFNA4	IFNA5	IFNA6	IFNA7	IFNA8	IFNA10	IFNA13	IFNA14	IFNA16	IFNA17	IFNA21	IFNB1	IFNE	IFNK	IFNL1	IFNL2	IFNL3	IFNW1	IFNAR1	IFNAR2	IFNLR1	IFNG	IFNGR1	IFNGR2	EGF	PDGFA	PDGFB	EGFR	PDGFRA	PDGFRB	JAK1	JAK2	JAK3	TYK2	STAT1	STAT2	STAT3	STAT4	STAT5A	STAT5B	STAT6	IRF9	CISH	SOCS1	SOCS2	SOCS3	SOCS4	SOCS5	SOCS7	SOCS6	BCL2	MCL1	BCL2L1	PIM1	MYC	CCND1	CCND2	CCND3	CDKN1A	AOX1	GFAP	STAM2	STAM	PTPN2	PTPN6	CREBBP	EP300	PIAS1	PIAS2	PIAS3	PIAS4	FHL1	PTPN11	GRB2	SOS1	SOS2	HRAS	RAF1	PIK3CA	PIK3CD	PIK3CB	PIK3R1	PIK3R2	PIK3R3	P3R3URF-PIK3R3	AKT1	AKT2	AKT3	MTOR
NF-kappa_B_signaling_pathway	hsa04064	LCK	ZAP70	LAT	PLCG1	PRKCQ	IGH	SYK	LYN	BLNK	BTK	PLCG2	PRKCB	CARD10	CARD11	CARD14	BCL10	MALT1	IL1B	IL1R1	MYD88	IRAK1	IRAK4	TRAF6	TNF	TNFRSF1A	RIPK1	TRADD	TRAF2	TRAF5	BIRC2	BIRC3	EDA	EDAR	EDARADD	CYLD	EDA2R	RIGI	TRIM25	LBP	CD14	TLR4	LY96	TIRAP	TICAM2	TICAM1	CD40LG	CD40	TRAF3	TNFSF11	TNFRSF11A	LTA	LTB	TNFSF14	LTBR	MAP3K14	MAP3K7	TAB1	TAB2	TAB3	TNFSF13B	TNFRSF13C	IKBKG	CHUK	IKBKB	PARP1	PIAS4	UBE2I	ATM	PIDD1	ERC1	NFKBIA	NFKB1	RELA	PPP1R13L	CFLAR	XIAP	BCL2L1	BCL2	GADD45A	GADD45B	GADD45G	TRAF1	BCL2A1	NFKB2	CXCL8	TNFAIP3	PTGS2	CCL4	CCL4L2	CCL4L1	CXCL1	CXCL2	CXCL3	VCAM1	PLAU	CSNK2A1	CSNK2A2	CSNK2A3	CSNK2B	RELB	CCL13	CCL19	CCL21	CXCL12	ICAM1
TNF_signaling_pathway	hsa04668	TNF	TNFRSF1A	BAG4	ADAM17	RHBDF1	RHBDF2	FRMD8	TRADD	TRAF2	TRAF5	RIPK1	BIRC2	BIRC3	MAP3K7	TAB1	TAB2	TAB3	MAP2K4	MAP2K7	MAPK8	MAPK10	MAPK9	JUN	FOS	ITCH	CFLAR	MAP2K3	MAP2K6	MAPK11	MAPK12	MAPK13	MAPK14	CEBPB	MAP3K5	MAP3K14	IKBKG	IKBKB	CHUK	NFKBIA	RELA	NFKB1	MAP3K8	MAP2K1	MAPK1	MAPK3	RPS6KA5	RPS6KA4	CREB1	CREB3	CREB3L1	CREB3L2	CREB3L3	CREB3L4	ATF2	ATF4	CREB5	ATF6B	RIPK3	FADD	CASP8	CASP10	CASP7	CASP3	MLKL	PGAM5	DNM1L	CYLD	XIAP	CCL2	CCL5	CCL20	CXCL1	CXCL2	CXCL3	CXCL5	CXCL6	CXCL10	CX3CL1	CSF1	CSF2	FAS	IL18R1	JAG1	IL1B	IL6	IL15	LIF	LTA	BCL3	SOCS3	TNFAIP3	TRAF1	JUNB	MMP3	MMP9	MMP14	EDN1	VEGFC	VEGFD	NOD2	ICAM1	SELE	VCAM1	PTGS2	TNFRSF1B	TRAF3	PIK3CA	PIK3CD	PIK3CB	PIK3R1	PIK3R2	PIK3R3	P3R3URF-PIK3R3	AKT1	AKT2	AKT3	DAB2IP	IRF1	IFNB1
HIF-1_signaling_pathway	hsa04066	IL6	IL6R	STAT3	TLR4	IFNG	IFNGR1	IFNGR2	RELA	NFKB1	INS	EGF	IGF1	INSR	EGFR	IGF1R	ERBB2	MAP2K1	MAP2K2	MAPK1	MAPK3	MKNK1	MKNK2	PIK3CA	PIK3CD	PIK3CB	PIK3R1	PIK3R2	PIK3R3	P3R3URF-PIK3R3	AKT1	AKT2	AKT3	MTOR	EIF4EBP1	EIF4E	EIF4E2	EIF4E1B	RPS6KB1	RPS6KB2	RPS6	HIF1A	VHL	RBX1	ELOC	ELOB	CUL2	EGLN1	EGLN3	EGLN2	ARNT	CREBBP	EP300	CYBB	PLCG1	PLCG2	PRKCA	PRKCB	PRKCG	CAMK2A	CAMK2D	CAMK2B	CAMK2G	TIMP1	LTBR	EPO	TF	TFRC	VEGFA	FLT1	SERPINE1	ANGPT1	ANGPT2	ANGPT4	TEK	EDN1	NOS2	NOS3	HMOX1	NPPA	SLC2A1	PDK1	HK3	HK1	HK2	HKDC1	PFKM	PFKP	PFKL	GAPDH	ALDOC	ALDOA	ALDOB	ENO3	ENO2	ENO1	PGK2	PGK1	PFKFB3	LDHAL6A	LDHAL6B	LDHA	LDHB	LDHC	BCL2	CDKN1A	CDKN1B	PDHA2	PDHA1	PDHB
FoxO_signaling_pathway	hsa04068	TGFB1	TGFB2	TGFB3	TGFBR1	TGFBR2	SMAD4	SMAD3	STK11	PRKAA1	PRKAA2	PRKAB1	PRKAB2	PRKAG1	PRKAG3	PRKAG2	NLK	SKP2	MDM2	SETD7	CREBBP	EP300	SIRT1	USP7	SLC2A4	MAPK8	MAPK10	MAPK9	STK4	IGF1	IGF1R	INS	INSR	IRS1	IRS2	IRS4	PIK3CA	PIK3CD	PIK3CB	PIK3R1	PIK3R2	PIK3R3	P3R3URF-PIK3R3	PDPK1	CHUK	IKBKB	PTEN	AKT1	AKT2	AKT3	SGK1	SGK2	SGK3	C8orf44-SGK3	FOXO1	FOXO3	FOXO4	FOXO6	GRM1	HOMER1	HOMER2	HOMER3	AGAP2	CSNK1E	TPTEP2-CSNK1E	IL6	IL10	STAT3	EGF	EGFR	GRB2	SOS1	SOS2	HRAS	KRAS	NRAS	BRAF	RAF1	ARAF	MAP2K1	MAP2K2	MAPK1	MAPK3	MAPK11	MAPK12	MAPK13	MAPK14	CDK2	PRMT1	FOXG1	CCNB1	CCNB2	CCNB3	CCND1	CCND2	CCNG2	CDKN2B	CDKN2D	CDKN1A	CDKN1B	RBL2	PLK1	PLK2	PLK3	PLK4	GADD45A	GADD45B	GADD45G	FASLG	BCL2L11	TNFSF10	BCL6	BNIP3	ATG12	GABARAP	GABARAPL1	GABARAPL2	DEPP1	CAT	SOD2	ATM	PCK1	PCK2	G6PC1	G6PC2	G6PC3	IL7R	KLF2	S1PR1	S1PR4	RAG1	RAG2	FBXO25	FBXO32
Calcium_signaling_pathway	hsa04020	SLC8A1	SLC8A2	SLC8A3	ATP2B1	ATP2B3	ATP2B4	ATP2B2	CHRM1	CHRM3	CHRM5	ADORA2A	ADORA2B	ADRB1	ADRB2	ADRB3	DRD1	DRD5	HRH2	HTR4	HTR5A	HTR6	HTR7	GNAS	GNAL	ADCY1	ADCY2	ADCY3	ADCY4	ADCY7	ADCY8	ADCY9	PRKACA	PRKACB	PRKACG	PLN	SLN	MRLN	C4orf3	SMIM6	ATP2A1	ATP2A3	ATP2A2	HRC	STIM1	STIM2	ORAI1	ORAI2	ORAI3	CACNA1C	CACNA1D	CACNA1F	CACNA1S	CACNA1A	CACNA1B	CACNA1E	CACNA1G	CACNA1H	CACNA1I	CHRNA7	CHRFAM7A	GRIN1	GRIN2A	GRIN2B	GRIN2C	GRIN2D	GRIN3A	GRIN3B	P2RX1	P2RX2	P2RX3	P2RX4	P2RX5	P2RX6	P2RX7	RYR1	RYR2	RYR3	TRDN	CASQ1	CASQ2	ASPH	CYSLTR1	CYSLTR2	CHRM2	ADRA1A	ADRA1B	ADRA1D	AGTR1	EDNRA	EDNRB	F2R	GRM1	GRM5	GRPR	HRH1	HTR2A	HTR2B	HTR2C	LHCGR	NTSR1	OXTR	AVPR1A	AVPR1B	LTB4R2	PTAFR	PTGER1	PTGER3	PTGFR	BDKRB1	BDKRB2	TACR1	TACR2	TACR3	TBXA2R	TRHR	CCKAR	CCKBR	CXCR4	GNAQ	GNA11	GNA14	GNA15	EGF	TGFA	PDGFA	PDGFB	PDGFC	PDGFD	FGF1	FGF2	FGF3	FGF4	FGF17	FGF6	FGF7	FGF8	FGF9	FGF10	FGF16	FGF5	FGF18	FGF20	FGF22	FGF19	FGF21	FGF23	VEGFA	VEGFB	VEGFC	VEGFD	NGF	HGF	MST1	GDNF	EGFR	ERBB2	ERBB3	ERBB4	PDGFRA	PDGFRB	FGFR1	FGFR2	FGFR3	FGFR4	FLT1	FLT4	KDR	NTRK1	NTRK2	NTRK3	MET	MST1R	RET	IGH	PLCD1	PLCD3	PLCD4	PLCB1	PLCB2	PLCB3	PLCB4	PLCG1	PLCG2	PLCE1	PLCZ1	ITPR1	ITPR2	ITPR3	CD38	TPCN1	TPCN2	MCOLN1	MCOLN2	MCOLN3	SPHK1	SPHK2	MCU	VDAC1	VDAC2	VDAC3	SLC25A4	SLC25A5	SLC25A6	SLC25A31	PPIF	TNNC1	TNNC2	CALML3	CALM2	CALM3	CALM1	CALML6	CALML5	CALML4	PHKG1	PHKG2	PHKB	PHKA2	PHKA1	MYLK	MYLK2	MYLK3	MYLK4	CAMK1D	CAMK1G	CAMK1	CAMK2A	CAMK2D	CAMK2B	CAMK2G	CAMK4	PPP3CA	PPP3CB	PPP3CC	PPP3R1	PPP3R2	TFEB	NFATC1	NFATC2	NFATC3	NFATC4	NOS1	NOS2	NOS3	PDE1A	PDE1B	PDE1C	PTK2B	ITPKB	ITPKA	ITPKC	PRKCA	PRKCB	PRKCG
Phosphatidylinositol_signaling_system	hsa04070	PI4KA	PI4KB	PI4K2A	PI4K2B	SACM1L	INPP5F	PIP5K1C	PIP5K1A	PIP5K1B	OCRL	INPP5B	INPP5E	SYNJ1	SYNJ2	PIK3CA	PIK3CD	PIK3CB	PIK3R1	PIK3R2	PIK3R3	P3R3URF-PIK3R3	PTEN	INPP5D	INPPL1	INPP4A	INPP4B	PIKFYVE	MTM1	MTMR1	MTMR2	MTMR3	MTMR4	MTMR8	MTMR6	MTMR7	MTMR14	PIP4K2C	PIP4K2A	PIP4K2B	PIP4P1	PIP4P2	PIK3C3	PIK3C2G	PIK3C2A	PIK3C2B	PLCB1	PLCB2	PLCB3	PLCB4	PLCD1	PLCD3	PLCD4	PLCE1	PLCG1	PLCG2	PLCZ1	IPMK	ITPKB	ITPKA	ITPKC	INPP5A	ITPK1	IPPK	IP6K1	IP6K2	IP6K3	PPIP5K1	PPIP5K2	INPP1	IMPA2	IMPA1	BPNT2	DGKZ	DGKD	DGKI	DGKA	DGKE	DGKB	DGKH	DGKG	DGKQ	DGKK	CDS1	CDS2	CDIPT	ITPR1	ITPR2	ITPR3	PRKCA	PRKCB	PRKCG	CALML3	CALM2	CALM3	CALM1	CALML6	CALML5	CALML4
Phospholipase_D_signaling_pathway	hsa04072	EGF	PDGFA	PDGFB	PDGFC	PDGFD	KITLG	INS	EGFR	PDGFRA	PDGFRB	KIT	INSR	GRB2	GAB1	GAB2	SHC1	SHC2	SHC3	SHC4	PTPN11	SOS1	SOS2	HRAS	KRAS	NRAS	MRAS	RRAS	RRAS2	RALGDS	RALA	RALB	PIK3CA	PIK3CD	PIK3CB	PIK3R1	PIK3R2	PIK3R3	P3R3URF-PIK3R3	AKT1	AKT2	AKT3	TSC1	TSC2	RHEB	MTOR	RHOA	ARF1	ARF6	PLCG1	PLCG2	IGH	FCER1A	MS4A2	FCER1G	FYN	SYK	PRKCA	PLD1	PLD2	PLA2G4E	PLA2G4A	JMJD7-PLA2G4B	PLA2G4B	PLA2G4C	PLA2G4D	PLA2G4F	AGPAT1	AGPAT2	AGPAT3	AGPAT4	AGPAT5	SPHK1	SPHK2	RAF1	MAP2K1	MAP2K2	MAPK1	MAPK3	PIP5K1C	PIP5K1A	PIP5K1B	DGKZ	DGKD	DGKI	DGKA	DGKE	DGKB	DGKH	DGKG	DGKQ	DGKK	PLPP1	PLPP3	PLPP2	F2	AGT	AVP	CXCL8	AGTR1	F2R	GRM1	GRM2	GRM3	GRM4	GRM5	GRM6	GRM7	GRM8	AVPR1A	AVPR1B	AVPR2	LPAR1	LPAR2	LPAR3	LPAR4	LPAR5	LPAR6	PTGFR	CXCR1	CXCR2	PLCB1	PLCB2	PLCB3	PLCB4	GNA12	PTK2B	GNA13	PIK3CG	PIK3R5	PIK3R6	CYTH3	CYTH4	CYTH2	CYTH1	GNAS	ADCY1	ADCY2	ADCY3	ADCY4	ADCY5	ADCY6	ADCY7	ADCY8	ADCY9	RAPGEF3	RAPGEF4	DNM1	DNM3	DNM2
Sphingolipid_signaling_pathway	hsa04071	SPTLC1	SPTLC2	SPTLC3	SPTSSA	SPTSSB	CERS1	CERS2	CERS4	CERS3	CERS6	CERS5	DEGS1	DEGS2	SMPD1	SGMS1	SGMS2	TNF	TNFRSF1A	NSMAF	SMPD2	ASAH1	ASAH2	ACER2	ACER1	TRADD	TRAF2	CTSD	BID	BAX	MAP3K5	MAPK8	MAPK10	MAPK9	MAPK11	MAPK12	MAPK13	MAPK14	PRKCZ	AKT1	AKT2	AKT3	BCL2	PPP2CA	PPP2CB	PPP2R1B	PPP2R1A	PPP2R2A	PPP2R2B	PPP2R2C	PPP2R2D	PPP2R3B	PPP2R3C	PPP2R3A	PPP2R5B	PPP2R5C	PPP2R5D	PPP2R5E	PPP2R5A	TP53	FCER1A	MS4A2	FCER1G	FYN	GAB2	PIK3CA	PIK3CD	PIK3CB	PIK3R1	PIK3R2	PIK3R3	P3R3URF-PIK3R3	PLD1	PLD2	SPHK1	SPHK2	KNG1	ADORA1	ADORA3	BDKRB2	OPRD1	GNAI1	GNAI3	GNAI2	PLCB1	PLCB2	PLCB3	PLCB4	PRKCE	MAPK1	MAPK3	SGPP1	SGPP2	ABCC1	SGPL1	S1PR1	S1PR2	HRAS	KRAS	NRAS	RAF1	MAP2K1	MAP2K2	PDPK1	NOS3	RAC1	RAC2	RAC3	S1PR3	GNAQ	PRKCA	PRKCB	PRKCG	S1PR4	S1PR5	GNA12	GNA13	RHOA	ROCK1	ROCK2	PTEN	NFKB1	RELA
cAMP_signaling_pathway	hsa04024	VIP	CRH	CGA	LHB	GPHA2	GPHB5	TSHB	POMC	GCG	GIP	FSHB	NPPA	ADCYAP1	ADRB1	ADRB2	DRD1	DRD5	ADORA2A	HTR4	HTR6	PTGER2	ADCYAP1R1	VIPR2	CRHR1	CRHR2	LHCGR	TSHR	MC2R	GLP1R	GIPR	GPR119	FSHR	NPR1	GNAS	EDN1	EDN2	EDN3	SST	NPY	GHRL	OXT	HTR1A	HTR1B	HTR1D	HTR1E	HTR1F	CHRM1	CHRM2	DRD2	GABBR1	GABBR2	ADORA1	EDNRA	NPY1R	SSTR1	SSTR2	SSTR5	HCAR1	HCAR2	HCAR3	FFAR2	SUCNR1	PTGER3	OXTR	GHSR	GNAI1	GNAI3	GNAI2	ADCY1	ADCY2	ADCY3	ADCY4	ADCY5	ADCY6	ADCY7	ADCY8	ADCY9	ADCY10	CNGA1	CNGA2	CNGA3	CNGA4	CNGB1	CNGB3	CALML3	CALM2	CALM3	CALM1	CALML6	CALML5	CALML4	CAMK2A	CAMK2D	CAMK2B	CAMK2G	CAMK4	BVES	POPDC2	POPDC3	KCNK2	HCN2	HCN4	ABCC4	RAPGEF3	RAPGEF4	RRAS	RRAS2	PLD1	PLD2	PLCE1	MAPK8	MAPK10	MAPK9	RAP1A	RAP1B	TIAM1	VAV3	VAV1	VAV2	RAC1	RAC2	RAC3	PAK1	ARAP3	RHOA	AFDN	PIK3CA	PIK3CD	PIK3CB	PIK3R1	PIK3R2	PIK3R3	P3R3URF-PIK3R3	AKT1	AKT2	AKT3	BRAF	RAF1	MAP2K1	MAP2K2	MAPK1	MAPK3	PRKACA	PRKACB	PRKACG	PPP1R1B	PPP1CA	PPP1CB	PPP1CC	CREB1	CREB3	CREB3L1	CREB3L2	CREB3L3	CREB3L4	CREB5	CREBBP	EP300	BDNF	FOS	JUN	GLI3	GLI1	PTCH1	HHIP	NFKBIA	NFKB1	RELA	SOX9	AMH	PPARA	ACOX3	ACOX1	NFATC1	F2R	BAD	LIPE	ROCK1	ROCK2	PPP1R12A	MYL9	TNNI3	PLN	ATP2A1	ATP2A3	ATP2A2	RYR2	GRIN1	GRIN2A	GRIN2B	GRIN2C	GRIN2D	GRIN3A	GRIN3B	GRIA1	GRIA2	GRIA3	GRIA4	CFTR	ATP1A1	ATP1A2	ATP1A3	ATP1A4	ATP1B4	ATP1B1	ATP1B2	ATP1B3	FXYD2	FXYD1	SLC9A1	ORAI1	ATP2B1	ATP2B3	ATP2B4	ATP2B2	CACNA1C	CACNA1D	CACNA1F	CACNA1S	PDE3A	PDE3B	PDE4A	PDE4B	PDE4C	PDE4D	PDE10A
cGMP-PKG_signaling_pathway	hsa04022	AGTR1	EDNRA	EDNRB	ADRA1A	ADRA1B	ADRA1D	ADRA2A	ADRA2B	ADRA2C	GNAQ	GNA11	GNA12	GNA13	TRPC6	PPP3CA	PPP3CB	PPP3CC	PPP3R1	PPP3R2	MEF2A	BORCS8-MEF2B	MEF2B	MEF2C	MEF2D	NFATC1	NFATC2	NFATC3	NFATC4	SRF	GATA4	MYH7	MYH6	NPPB	NPPA	NPR1	NPPC	NPR2	PRKG1	PRKG2	CACNA1C	CACNA1D	CACNA1F	CACNA1S	KCNMA1	KCNU1	KCNMB1	KCNMB2	KCNMB3	KCNMB4	SLC8A1	SLC8A2	SLC8A3	ATP1A1	ATP1A2	ATP1A3	ATP1A4	ATP1B4	ATP1B1	ATP1B2	ATP1B3	FXYD2	ATP2B1	ATP2B3	ATP2B4	ATP2B2	RGS2	GTF2I	PLCB1	PLCB2	PLCB3	PLCB4	ITPR1	ITPR2	ITPR3	IRAG1	PLN	ATP2A1	ATP2A3	ATP2A2	RHOA	ROCK1	ROCK2	PPP1R12A	PPP1CA	PPP1CB	PPP1CC	CALML3	CALM2	CALM3	CALM1	CALML6	CALML5	CALML4	MYLK	MYLK2	MYLK3	MYLK4	MYL9	CNGA1	CNGB1	ADCY1	ADCY2	ADCY3	ADCY4	ADCY5	ADCY6	ADCY7	ADCY8	ADCY9	PDE2A	PDE3A	PDE3B	PDE5A	GUCY1A2	GUCY1A1	GUCY1B1	KNG1	BDKRB2	OPRD1	ADORA1	ADORA3	GNAI1	GNAI3	GNAI2	INS	INSR	IRS1	IRS2	IRS4	PIK3CG	PIK3R5	PIK3R6	AKT1	AKT2	AKT3	NOS3	ADRB1	ADRB2	ADRB3	PRKCE	KCNJ8	VDAC1	VDAC2	VDAC3	SLC25A4	SLC25A5	SLC25A6	SLC25A31	PPIF	CREB1	ATF2	ATF4	CREB3	CREB3L1	CREB3L2	CREB3L3	CREB3L4	CREB5	ATF6B	BAD	VASP	RAF1	MAP2K1	MAP2K2	MAPK1	MAPK3
PI3K-Akt_signaling_pathway	hsa04151	EGF	TGFA	EREG	AREG	FGF1	FGF2	FGF3	FGF4	FGF17	FGF6	FGF7	FGF8	FGF9	FGF10	FGF16	FGF5	FGF18	FGF20	FGF22	FGF19	FGF21	FGF23	NGF	BDNF	NTF3	NTF4	INS	IGF1	IGF2	PDGFA	PDGFB	PDGFC	PDGFD	CSF1	KITLG	FLT3LG	VEGFA	VEGFB	PGF	VEGFC	VEGFD	HGF	ANGPT1	ANGPT2	ANGPT4	EFNA1	EFNA2	EFNA3	EFNA4	EFNA5	EFNA4-EFNA3	GDNF	NRTN	ARTN	PSPN	EGFR	ERBB2	ERBB3	ERBB4	FGFR1	FGFR2	FGFR3	FGFR4	NGFR	NTRK1	NTRK2	INSR	IGF1R	PDGFRA	PDGFRB	CSF1R	KIT	FLT3	FLT1	FLT4	KDR	MET	TEK	EPHA2	RET	GRB2	SOS1	SOS2	HRAS	KRAS	NRAS	RAF1	MAP2K1	MAP2K2	MAPK1	MAPK3	IRS1	TLR2	TLR4	RAC1	IGH	SYK	CD19	PIK3AP1	GH1	GH2	CSH1	CSH2	CSHL1	PRL	OSM	IL2	IL3	IL6	IL4	IL7	IFNA1	IFNA2	IFNA4	IFNA5	IFNA6	IFNA7	IFNA8	IFNA10	IFNA13	IFNA14	IFNA16	IFNA17	IFNA21	IFNB1	EPO	CSF3	GHR	PRLR	OSMR	IL2RA	IL2RB	IL2RG	IL3RA	IL6R	IL4R	IL7R	IFNAR1	IFNAR2	EPOR	CSF3R	JAK1	JAK2	JAK3	COL1A1	COL1A2	COL2A1	COL4A2	COL4A4	COL4A6	COL4A1	COL4A5	COL4A3	COL6A1	COL6A2	COL6A3	COL6A6	COL6A5	COL9A1	COL9A2	COL9A3	LAMA1	LAMA2	LAMA3	LAMA5	LAMA4	LAMB1	LAMB2	LAMB3	LAMB4	LAMC1	LAMC2	LAMC3	CHAD	RELN	THBS1	COMP	THBS2	THBS3	THBS4	FN1	SPP1	VTN	TNC	TNN	TNR	TNXB	VWF	IBSP	ITGA1	ITGA2	ITGA2B	ITGA3	ITGA4	ITGA5	ITGA6	ITGA7	ITGA8	ITGA9	ITGA10	ITGA11	ITGAV	ITGB1	ITGB3	ITGB4	ITGB5	ITGB6	ITGB7	ITGB8	PTK2	PIK3CA	PIK3CD	PIK3CB	PIK3R1	PIK3R2	PIK3R3	P3R3URF-PIK3R3	F2R	CHRM1	CHRM2	LPAR1	LPAR2	LPAR3	LPAR4	LPAR5	LPAR6	GNB1	GNB2	GNB3	GNB4	GNB5	GNG2	GNG3	GNG4	GNG5	GNG7	GNG8	GNG10	GNG11	GNG12	GNG13	GNGT1	GNGT2	PIK3CG	PIK3R5	PIK3R6	PDPK1	STK11	PRKAA1	PRKAA2	DDIT4	TSC1	TSC2	RHEB	MLST8	MTOR	RPTOR	EIF4EBP1	EIF4E	EIF4E2	EIF4E1B	RPS6KB1	RPS6KB2	EIF4B	RPS6	PRKCA	PKN1	PKN2	PKN3	SGK1	SGK2	SGK3	C8orf44-SGK3	AKT1	AKT2	AKT3	MAGI1	MAGI2	PTEN	THEM4	PPP2CA	PPP2CB	PPP2R1B	PPP2R1A	PPP2R2A	PPP2R2B	PPP2R2C	PPP2R2D	PPP2R3B	PPP2R3C	PPP2R3A	PPP2R5B	PPP2R5C	PPP2R5D	PPP2R5E	PPP2R5A	HSP90AA1	HSP90AB1	HSP90B1	CDC37	CRTC2	PHLPP1	PHLPP2	TCL1A	TCL1B	MTCP1	NOS3	BRCA1	GSK3B	GYS2	GYS1	PCK1	PCK2	G6PC1	G6PC2	G6PC3	MYC	CCND1	CDKN1A	CDKN1B	CDK2	CDK4	CDK6	CCND2	CCND3	CCNE1	CCNE2	FOXO3	RBL2	FASLG	BCL2L11	YWHAZ	YWHAB	YWHAQ	YWHAE	YWHAH	YWHAG	BAD	BCL2L1	BCL2	CASP9	CREB1	ATF2	ATF4	CREB3	CREB3L1	CREB3L2	CREB3L3	CREB3L4	CREB5	ATF6B	MCL1	RXRA	NR4A1	IKBKG	CHUK	IKBKB	RELA	NFKB1	MYB	MDM2	TP53
AMPK_signaling_pathway	hsa04152	MAP3K7	STK11	CAB39	CAB39L	STRADA	STRADB	LEP	LEPR	CAMKK2	ADRA1A	ADIPOQ	ADIPOR1	ADIPOR2	PRKAA1	PRKAA2	PRKAB1	PRKAB2	PRKAG1	PRKAG3	PRKAG2	PFKFB1	PFKFB2	PFKFB3	PFKFB4	FBP1	FBP2	PFKM	PFKP	PFKL	HNF4A	G6PC1	G6PC2	G6PC3	PCK1	PCK2	CRTC2	CREB1	CREB3	CREB3L1	CREB3L2	CREB3L3	CREB3L4	CREB5	PPARGC1A	ELAVL1	CCND1	CCNA2	CCNA1	EEF2K	EEF2	FOXO1	FOXO3	SIRT1	SLC2A4	GYS2	GYS1	LIPE	HMGCR	SREBF1	FASN	ACACA	SCD	SCD5	ACACB	MLYCD	CPT1A	CPT1B	CPT1C	CIDEA	PPP2CA	PPP2CB	PPP2R1B	PPP2R1A	PPP2R2A	PPP2R2B	PPP2R2C	PPP2R2D	PPP2R3B	PPP2R3C	PPP2R3A	PPP2R5B	PPP2R5C	PPP2R5D	PPP2R5E	PPP2R5A	TBC1D1	RAB2A	RAB8A	RAB10	RAB11B	RAB14	CFTR	CD36	IGF1	IGF1R	INS	INSR	IRS1	IRS2	IRS4	PIK3CA	PIK3CD	PIK3CB	PIK3R1	PIK3R2	PIK3R3	P3R3URF-PIK3R3	PDPK1	AKT1	AKT2	AKT3	TSC2	TSC1	RHEB	MTOR	RPTOR	AKT1S1	RPS6KB1	RPS6KB2	EIF4EBP1	PPARG	ULK1
mTOR_signaling_pathway	hsa04150	SLC7A5	SLC3A2	SLC38A9	ATP6V1A	ATP6V1B1	ATP6V1B2	ATP6V1C2	ATP6V1C1	ATP6V1D	ATP6V1E2	ATP6V1E1	ATP6V1F	ATP6V1FP2	ATP6V1G1	ATP6V1G3	ATP6V1G2	ATP6V1H	LAMTOR1	LAMTOR2	LAMTOR3	LAMTOR4	LAMTOR5	FLCN	FNIP1	FNIP2	RRAGA	RRAGB	RRAGC	RRAGD	SESN2	CASTOR1	CASTOR2	MIOS	SEH1L	WDR24	WDR59	SEC13	DEPDC5	NPRL2	NPRL3	SKP2	RNF152	RPTOR	AKT1S1	MTOR	DEPTOR	MLST8	TELO2	TTI1	CLIP1	GRB10	LPIN1	LPIN3	LPIN2	ULK1	ULK2	EIF4EBP1	EIF4E	EIF4E2	EIF4E1B	RPS6KB1	RPS6KB2	EIF4B	RPS6	STRADA	STRADB	STK11	CAB39	CAB39L	PRKAA1	PRKAA2	TSC1	TSC2	TBC1D7	TBC1D7-LOC100130357 readthrough [KO:K20396]	RHEB	DDIT4	WNT1	WNT2	WNT2B	WNT3	WNT3A	WNT4	WNT5A	WNT5B	WNT6	WNT7A	WNT7B	WNT8A	WNT8B	WNT9A	WNT9B	WNT10B	WNT10A	WNT11	WNT16	FZD1	FZD7	FZD2	FZD3	FZD4	FZD5	FZD8	FZD6	FZD10	FZD9	LRP5	LRP6	DVL3	DVL2	DVL1	GSK3B	TNF	TNFRSF1A	IKBKB	INS	IGF1	INSR	IGF1R	GRB2	SOS1	SOS2	HRAS	KRAS	NRAS	BRAF	RAF1	MAP2K1	MAP2K2	MAPK1	MAPK3	RPS6KA3	RPS6KA1	RPS6KA2	RPS6KA6	IRS1	PIK3R1	PIK3R2	PIK3R3	P3R3URF-PIK3R3	PIK3CA	PIK3CD	PIK3CB	PTEN	PDPK1	AKT1	AKT2	AKT3	CHUK	MAPKAP1	RICTOR	PRR5	PRR5L	RHOA	PRKCA	PRKCB	PRKCG	SGK1
p53_signaling_pathway	hsa04115	ATM	CHEK2	ATR	CHEK1	GORAB	CDKN2A	MDM2	MDM4	TP53	PPP1R13L	CDKN1A	CCND1	CCND2	CCND3	CDK4	CDK6	CCNE1	CCNE2	CDK2	SFN	RPRM	CCNB1	CCNB2	CDK1	GADD45A	GADD45B	GADD45G	GTSE1	ZNF385A	FAS	PIDD1	TNFRSF10A	TNFRSF10B	CASP8	BID	BAX	PMAIP1	BBC3	TP53AIP1	SIVA1	BCL2L1	BCL2	TP53I3	EI24	SHISA5	PERP	ZMAT3	SIAH1	CYCS	APAF1	CASP9	CASP3	AIFM2	IGFBP3	IGF1	SERPINE1	ADGRB1	CD82	THBS1	SERPINB5	DDB2	RRM2B	RRM2	SESN1	SESN3	SESN2	PTEN	TSC2	STEAP3	COP1	RCHY1	CCNG1	CCNG2	PPM1D	TP73
Toll-like_receptor_signaling_pathway	hsa04620	TLR1	TLR2	TLR6	LBP	CD14	LY96	TLR3	TLR4	TLR5	TLR7	TLR8	CTSK	TLR9	RAC1	PIK3CA	PIK3CD	PIK3CB	PIK3R1	PIK3R2	PIK3R3	P3R3URF-PIK3R3	AKT1	AKT2	AKT3	TOLLIP	MYD88	TIRAP	FADD	CASP8	IRAK4	IRAK1	TRAF6	TAB1	TAB2	MAP3K7	IKBKG	CHUK	IKBKB	NFKBIA	NFKB1	RELA	MAP3K8	MAP2K1	MAP2K2	MAPK1	MAPK3	MAP2K3	MAP2K6	MAP2K4	MAP2K7	MAPK11	MAPK12	MAPK13	MAPK14	MAPK8	MAPK10	MAPK9	JUN	FOS	TNF	IL1B	IL6	IL12A	IL12B	CXCL8	CCL5	CCL3	CCL3L1	CCL3L3	CCL4	CCL4L2	CCL4L1	TICAM2	TICAM1	RIPK1	IRF5	IRF7	SPP1	IKBKE	TBK1	TRAF3	IRF3	CD40	CD80	CD86	IFNA1	IFNA2	IFNA4	IFNA5	IFNA6	IFNA7	IFNA8	IFNA10	IFNA13	IFNA14	IFNA16	IFNA17	IFNA21	IFNB1	IFNAR1	IFNAR2	JAK1	TYK2	STAT1	STAT2	IRF9	CXCL10	CXCL9	CXCL11
NOD-like_receptor_signaling_pathway	hsa04621	NOD1	RIPK2	IKBKG	CHUK	IKBKB	NFKBIB	NFKBIA	NFKB1	RELA	IL1B	IL18	IL6	TNF	CXCL8	CXCL1	CXCL2	CXCL3	CCL2	CCL5	CAMP	DEFA1	DEFA3	DEFA4	DEFA5	DEFA6	DEFA1B	DEFB4A	DEFB4B	beta-defensin 4A [KO:K21100]	DEFB103A	DEFB103B	beta-defensin 103A [KO:K23126]	NOD2	MAP3K7	TAB1	TAB2	TAB3	MAPK1	MAPK3	MAPK8	MAPK10	MAPK9	MAPK11	MAPK12	MAPK13	MAPK14	JUN	ATG16L1	ATG5	ATG12	GABARAP	GABARAPL1	GABARAPL2	MAP1LC3C	MAP1LC3B	MAP1LC3A	MAP1LC3B2	MAP1LC3BP1	SUGT1	SHARPIN	RBCK1	RNF31	XIAP	CARD6	TRIP6	ERBIN	BIRC2	BIRC3	TRAF2	TRAF5	TRAF6	CARD9	TNFAIP3	MAVS	TRAF3	TBK1	IKBKE	TANK	IRF3	IRF7	IFNA1	IFNA2	IFNA4	IFNA5	IFNA6	IFNA7	IFNA8	IFNA10	IFNA13	IFNA14	IFNA16	IFNA17	IFNA21	IFNB1	NLRX1	ANTXR2	ANTXR1	NLRP1	PYCARD	CASP1	BCL2	BCL2L1	CTSB	NLRP3	PANX1	P2RX7	TRPM2	TRPM7	TRPV2	CASR	GPRC6A	PLCB1	PLCB2	PLCB3	PLCB4	ITPR1	ITPR2	ITPR3	VDAC1	VDAC2	VDAC3	MCU	OAS1	OAS2	OAS3	RNASEL	DHX33	MFN1	MFN2	RIPK1	RIPK3	DNM1L	NAMPT	CYBB	CYBA	TXNIP	TXN	TXN2	NEK7	BRCC3	HSP90AA1	HSP90AB1	CARD8	GPSM3	IRGM	PYDC1	PYDC2	MEFV	PSTPIP1	CASP8	FADD	CASP12	CARD18	CARD16	NLRP6	NLRP7	NLRP12	NAIP	NLRC4	PRKCD	GBP2	GBP5	AIM2	IFI16	TP53BP1	PYDC5	RHOA	PKN1	PKN2	YWHAE	GBP1	GBP3	GBP4	GBP7	CASP5	CASP4	GSDMD	IFNAR1	IFNAR2	JAK1	TYK2	STAT1	STAT2	IRF9	TLR4	TICAM1	MYD88	IRAK4	STING1
RIG-I-like_receptor_signaling_pathway	hsa04622	RIGI	IFIH1	ZNFX1	MAVS	DHX58	TRAF3	TANK	AZI2	TBKBP1	IKBKG	TBK1	IKBKE	IRF3	IRF7	IFNA1	IFNA2	IFNA4	IFNA5	IFNA6	IFNA7	IFNA8	IFNA10	IFNA13	IFNA14	IFNA16	IFNA17	IFNA21	IFNB1	IFNW1	IFNE	IFNK	TRADD	FADD	RIPK1	CASP8	CASP10	CHUK	IKBKB	NFKBIB	NFKBIA	NFKB1	RELA	TRAF2	MAP3K7	TRAF6	MAP3K1	MAPK8	MAPK10	MAPK9	MAPK11	MAPK12	MAPK13	MAPK14	CXCL8	TNF	IL12A	IL12B	CXCL10	ADAR	TRIM25	CYLD	RNF125	ISG15	ATG5	ATG12	NLRX1	STING1	OTUD5	SIKE1	DDX3X	PIN1	TKFC
C-type_lectin_receptor_signaling_pathway	hsa04625	CLEC7A	LSP1	HRAS	KRAS	NRAS	MRAS	RRAS	RRAS2	RAF1	RELA	RELB	IL12A	IL12B	IL1B	SYK	PTPN11	MAP3K14	CHUK	NFKB2	PLCG2	ITPR1	ITPR2	ITPR3	CALML3	CALM2	CALM3	CALM1	CALML6	CALML5	CALML4	PPP3CA	PPP3CB	PPP3CC	PPP3R1	PPP3R2	NFATC1	NFATC2	NFATC3	NFATC4	IL2	IL10	EGR2	EGR3	PTGS2	PRKCD	MAPK1	MAPK3	NLRP3	PYCARD	CASP1	CARD9	BCL10	MALT1	CASP8	IKBKG	IKBKB	NFKBIA	NFKB1	TNF	IL6	IL23A	MAPK11	MAPK12	MAPK13	MAPK14	MAPK8	MAPK10	MAPK9	JUN	CBLB	CLEC6A	FCER1G	CLEC4M	CD209	ARHGEF12	RHOA	PAK1	KSR1	PLK3	SRC	IKBKE	STAT1	IRF9	STAT2	IL17D	CYLD	BCL3	CCL17	CCL22	MAPKAPK2	CLEC4E	PIK3CA	PIK3CD	PIK3CB	PIK3R1	PIK3R2	PIK3R3	P3R3URF-PIK3R3	AKT1	AKT2	AKT3	MDM2	IRF1	CLEC4D	CLEC1B
T_cell_receptor_signaling_pathway	hsa04660	CD3D	CD3E	CD3G	CD247	CD4	CD8A	CD8B	CD8B2	PTPRC	LCK	FYN	ZAP70	LCP2	LAT	ITK	TEC	NCK1	NCK2	VAV3	VAV1	VAV2	GRAP2	GRB2	PAK1	PAK2	PAK3	PAK4	PAK5	PAK6	BUB1B-PAK6	RHOA	CDC42	DLG1	MAPK11	MAPK12	MAPK13	MAPK14	PLCG1	PPP3CA	PPP3CB	PPP3CC	PPP3R1	PPP3R2	NFATC1	NFATC2	NFATC3	SOS1	SOS2	RASGRP1	HRAS	KRAS	NRAS	RAF1	MAP2K1	MAP2K2	MAPK1	MAPK3	FOS	JUN	PRKCQ	CARD11	BCL10	MALT1	MAP3K7	MAP2K7	MAPK8	MAPK10	MAPK9	CHUK	IKBKB	IKBKG	NFKB1	RELA	NFKBIA	NFKBIB	NFKBIE	CD28	ICOS	CD40LG	PIK3R1	PIK3R2	PIK3R3	P3R3URF-PIK3R3	PIK3CA	PIK3CD	PIK3CB	PDPK1	AKT1	AKT2	AKT3	MAP3K8	MAP3K14	GSK3B	PDCD1	CTLA4	PTPN6	PTPN11	PPP2CA	PPP2CB	PPP2R1B	PPP2R1A	PPP2R2A	PPP2R2B	PPP2R2C	PPP2R2D	PPP2R3B	PPP2R3C	PPP2R3A	PPP2R5B	PPP2R5C	PPP2R5D	PPP2R5E	PPP2R5A	CBLB	IL2	IL4	IL5	IL10	IFNG	CSF2	TNF	CDK4
IL-17_signaling_pathway	hsa04657	IL25	IL17RA	IL17RB	TRADD	FADD	CASP3	CASP8	TRAF3IP2	TRAF6	NFKB1	RELA	FOS	FOSB	JUN	JUND	FOSL1	IL4	IL5	IL13	CCL17	CCL11	IL17A	IL17F	IL17RC	TRAF3	ANAPC5	TNFAIP3	HSP90AA1	HSP90AB1	HSP90B1	TBK1	TAB2	TAB3	MAP3K7	IKBKG	CHUK	IKBKB	NFKBIA	MAPK11	MAPK12	MAPK13	MAPK14	MAPK8	MAPK10	MAPK9	MAPK1	MAPK3	MAPK4	MAPK6	MAPK7	MAPK15	CEBPB	TRAF4	IKBKE	USP25	TRAF5	TRAF2	SRSF1	ELAVL1	GSK3B	CXCL1	CXCL2	CXCL3	CXCL5	CXCL6	CXCL8	CXCL10	CCL2	CCL7	CCL20	IL6	TNF	PTGS2	CSF3	CSF2	DEFB4A	DEFB4B	beta-defensin 4A [KO:K21100]	MUC5B	MUC5AC	S100A7	S100A7A	S100A8	S100A9	LCN2	MMP1	MMP3	MMP9	MMP13	IL17C	IL17RE	IL1B	IFNG	IL17B	IL17D
B_cell_receptor_signaling_pathway	hsa04662	IGH	CD79A	CD79B	LYN	SYK	BTK	DAPP1	BLNK	VAV3	VAV1	VAV2	RAC1	RAC2	RAC3	BANK1	BLK	PLCG2	PPP3CA	PPP3CB	PPP3CC	PPP3R1	PPP3R2	NFATC1	NFATC2	NFATC3	GRB2	SOS1	SOS2	RASGRP3	HRAS	KRAS	NRAS	RAF1	MAP2K1	MAP2K2	MAPK1	MAPK3	FOS	JUN	PRKCB	CARD11	BCL10	MALT1	CHUK	IKBKB	IKBKG	NFKB1	RELA	NFKBIA	NFKBIB	NFKBIE	IFITM1	CD81	CD19	CR2	PIK3R1	PIK3R2	PIK3R3	P3R3URF-PIK3R3	PIK3CA	PIK3CD	PIK3CB	AKT1	AKT2	AKT3	GSK3B	FCGR2B	INPP5D	INPPL1	LILRB2	LILRB1	LILRB5	LILRB4	LILRA1	LILRB3	LILRA3	LILRA2	LILRA4	LILRA6	LILRA5	leukocyte immunoglobulin-like receptor subfamily B member 3 [KO:K06512]	CD22	CD72	PTPN6	PIK3AP1
Fc_epsilon_RI_signaling_pathway	hsa04664	IGH	FCER1A	MS4A2	FCER1G	SYK	LYN	BTK	INPP5D	PLCG1	PLCG2	PRKCA	PIK3CA	PIK3CD	PIK3CB	PIK3R1	PIK3R2	PIK3R3	P3R3URF-PIK3R3	PDPK1	AKT1	AKT2	AKT3	RAC1	RAC2	RAC3	MAP2K4	MAP2K7	MAP2K3	MAP2K6	MAPK8	MAPK10	MAPK9	MAPK11	MAPK12	MAPK13	MAPK14	IL4	IL13	IL3	IL5	CSF2	TNF	LCP2	VAV3	VAV1	VAV2	FYN	GAB2	LAT	GRB2	SOS1	SOS2	HRAS	KRAS	NRAS	RAF1	MAP2K1	MAP2K2	MAPK1	MAPK3	PLA2G4E	PLA2G4A	JMJD7-PLA2G4B	PLA2G4B	PLA2G4C	PLA2G4D	PLA2G4F	ALOX5	ALOX5AP
Chemokine_signaling_pathway	hsa04062	CXCL1	CXCL2	CXCL3	CXCL5	CXCL6	PPBP	CXCL8	CXCL9	CXCL10	CXCL11	CXCL12	CXCL13	CXCL16	PF4	PF4V1	CXCL14	XCL1	XCL2	CX3CL1	CCL1	CCL2	CCL3	CCL3L1	CCL3L3	CCL4	CCL4L2	CCL4L1	CCL5	CCL7	CCL8	CCL11	CCL13	CCL14	CCL15	CCL23	CCL16	CCL17	CCL18	CCL19	CCL20	CCL21	CCL22	CCL24	CCL25	CCL26	CCL27	CCL28	CXCR2	CXCR1	CXCR3	CXCR4	CXCR5	CXCR6	XCR1	CX3CR1	CCR8	CCR6	CCR9	CCR4	CCR7	CCR2	CCR5	CCR1	CCR3	CCR10	JAK2	JAK3	STAT1	STAT2	STAT3	STAT5B	GNAI1	GNAI3	GNAI2	ADCY1	ADCY2	ADCY3	ADCY4	ADCY5	ADCY6	ADCY7	ADCY8	ADCY9	PRKACA	PRKACB	PRKACG	LYN	HCK	FGR	SRC	SHC1	SHC2	SHC3	SHC4	GRB2	SOS1	SOS2	HRAS	KRAS	NRAS	RAF1	BRAF	MAP2K1	MAPK1	MAPK3	PIK3CA	PIK3CD	PIK3CB	PIK3R1	PIK3R2	PIK3R3	P3R3URF-PIK3R3	PIK3CG	PIK3R5	PIK3R6	PRKCZ	AKT1	AKT2	AKT3	FOXO3	CHUK	IKBKB	IKBKG	NFKBIA	NFKBIB	NFKB1	RELA	BAD	GSK3A	GSK3B	ITK	VAV3	VAV1	VAV2	RAC1	RAC2	RAC3	PAK1	CDC42	WAS	RHOA	ROCK1	ROCK2	GNB1	GNB2	GNB3	GNB4	GNB5	GNG2	GNG3	GNG4	GNG5	GNG7	GNG8	GNG10	GNG11	GNG12	GNG13	GNGT1	GNGT2	PREX1	ELMO1	DOCK2	PTK2	PXN	BCAR1	CRK	CRKL	PTK2B	GNAQ	PLCB1	PLCB2	PLCB3	PLCB4	PLCG1	PLCG2	RASGRP2	RAP1A	RAP1B	PARD3	TIAM1	PRKCB	PRKCD	NCF1	GRK7	GRK1	GRK2	GRK3	GRK4	GRK5	GRK6	ARRB1	ARRB2
Insulin_signaling_pathway	hsa04910	INS	INSR	IRS1	IRS2	IRS4	PIK3R1	PIK3R2	PIK3R3	P3R3URF-PIK3R3	PIK3CA	PIK3CD	PIK3CB	PDPK1	AKT1	AKT2	AKT3	GSK3B	GYS2	GYS1	PPP1CA	PPP1CB	PPP1CC	PPP1R3A	PPP1R3C	PPP1R3D	PPP1R3B	PPP1R3E	PPP1R3F	PHKG1	PHKG2	PHKB	PHKA2	PHKA1	CALML3	CALM2	CALM3	CALM1	CALML6	CALML5	CALML4	PYGL	PYGM	PYGB	PDE3B	PRKACA	PRKACB	PRKACG	PRKAR1A	PRKAR2A	PRKAR2B	PRKAR1B	LIPE	PRKCZ	PRKCI	SLC2A4	FLOT2	FLOT1	SH2B2	SORBS1	CBL	CBLB	CRK	CRKL	RAPGEF1	RHOQ	EXOC7	TRIP10	SREBF1	ACACA	ACACB	FASN	PKLR	HK3	HK1	HK2	HKDC1	GCK	PRKAA1	PRKAA2	PRKAB1	PRKAB2	PRKAG1	PRKAG3	PRKAG2	FOXO1	PPARGC1A	G6PC1	G6PC2	G6PC3	FBP1	FBP2	PCK1	PCK2	MTOR	RPTOR	RPS6KB1	RPS6KB2	RPS6	EIF4EBP1	EIF4E	EIF4E2	EIF4E1B	TSC1	TSC2	RHEB	BAD	SHC1	SHC2	SHC3	SHC4	GRB2	SOS1	SOS2	HRAS	KRAS	NRAS	ARAF	BRAF	RAF1	MAP2K1	MAP2K2	MAPK1	MAPK3	MKNK1	MKNK2	ELK1	SOCS1	SOCS2	SOCS3	SOCS4	PTPN1	PTPRF	MAPK8	MAPK10	MAPK9	IKBKB	INPPL1	INPP5A
Glucagon_signaling_pathway	hsa04922	AKT1	AKT2	AKT3	PDE3B	GCG	GCGR	GNAS	ADCY2	PRKACA	PRKACB	PRKACG	CREB1	ATF2	ATF4	CREB3	CREB3L1	CREB3L2	CREB3L3	CREB3L4	CREB5	PPP4R3A	PPP4R3B	PPP4R3C	PPP4C	CRTC2	SIK2	CREBBP	EP300	PPARGC1A	SIK	SIK1	GNAQ	PLCB1	PLCB2	PLCB3	PLCB4	ITPR1	ITPR2	ITPR3	PPP3CA	PPP3CB	PPP3CC	PPP3R1	PPP3R2	CAMK2A	CAMK2D	CAMK2B	CAMK2G	FOXO1	SIRT1	PPARA	PRMT1	G6PC1	G6PC2	G6PC3	PCK1	PCK2	CPT1A	CPT1B	CPT1C	GYS2	GYS1	PHKB	PHKA2	PHKA1	PHKG1	PHKG2	CALML3	CALM2	CALM3	CALM1	CALML6	CALML5	CALML4	PYGL	PYGM	PYGB	PFKFB1	PRKAA1	PRKAA2	PRKAB1	PRKAB2	PRKAG1	PRKAG3	PRKAG2	ACACA	ACACB	SLC2A1	SLC2A2	GCK	FBP1	FBP2	PFKM	PFKP	PFKL	PGAM1	PGAM2	PGAM4	PKM	PDHA2	PDHA1	PDHB	LDHAL6A	LDHAL6B	LDHA	LDHB	LDHC
Adipocytokine_signaling_pathway	hsa04920	TNF	TNFRSF1A	TRADD	TNFRSF1B	TRAF2	MTOR	MAPK8	MAPK10	MAPK9	CHUK	IKBKB	IKBKG	NFKBIA	NFKBIB	NFKBIE	NFKB1	RELA	SOCS3	IRS1	IRS2	IRS4	AKT1	AKT2	AKT3	CD36	ACSL6	ACSL4	ACSL1	ACSL5	ACSL3	ACSBG1	ACSBG2	PRKCQ	LEP	LEPR	JAK2	STAT3	POMC	AGRP	NPY	PPARGC1A	PCK1	PCK2	G6PC1	G6PC2	G6PC3	PTPN11	PPARA	RXRA	RXRB	RXRG	ADIPOQ	ADIPOR1	ADIPOR2	APPL1	STK11	CAMKK2	PRKAA1	PRKAA2	PRKAB1	PRKAB2	PRKAG1	PRKAG3	PRKAG2	ACACB	CPT1A	CPT1B	CPT1C	SLC2A1	SLC2A4
PPAR_signaling_pathway	hsa03320	CD36	SLC27A1	SLC27A4	SLC27A2	SLC27A5	SLC27A6	FABP1	FABP2	FABP3	FABP4	FABP5	FABP6	FABP7	PPARA	RXRA	RXRB	RXRG	PPARD	PPARG	HMGCS1	HMGCS2	APOA1	APOA2	APOC3	APOA5	PLTP	ME3	ME1	FADS2	SCD	SCD5	CYP7A1	CYP8B1	NR1H3	CYP27A1	DBI	LPL	ACSL6	ACSL4	ACSL1	ACSL5	ACSL3	ACSBG1	ACSBG2	OLR1	EHHADH	ACAA1	SCP2	ACOX3	ACOX1	ACOX2	CPT1A	CPT1B	CPT1C	CPT2	ACADL	ACADM	ANGPTL4	SORBS1	PLIN1	PLIN2	PLIN4	PLIN5	ADIPOQ	MMP1	UCP1	ILK	PDPK1	UBC	PCK1	PCK2	GK2	GK	GK3	AQP7	AQP7B
GnRH_signaling_pathway	hsa04912	GNRH1	GNRH2	GNRHR	GNAS	ADCY1	ADCY2	ADCY3	ADCY4	ADCY5	ADCY6	ADCY7	ADCY8	ADCY9	PRKACA	PRKACB	PRKACG	ATF4	GNAQ	GNA11	PLCB1	PLCB2	PLCB3	PLCB4	ITPR1	ITPR2	ITPR3	CALML3	CALM2	CALM3	CALM1	CALML6	CALML5	CALML4	CAMK2A	CAMK2D	CAMK2B	CAMK2G	PRKCA	PRKCB	PRKCD	CACNA1C	CACNA1D	CACNA1F	CACNA1S	MAP3K1	MAP3K2	MAP3K3	MAP3K4	MAP2K3	MAP2K6	MAPK11	MAPK12	MAPK13	MAPK14	MAPK7	PLA2G4E	PLA2G4A	JMJD7-PLA2G4B	PLA2G4B	PLA2G4C	PLA2G4D	PLA2G4F	PLD1	PLD2	SRC	CDC42	MAP2K4	MAP2K7	MAPK8	MAPK10	MAPK9	JUN	LHB	CGA	FSHB	PTK2B	MMP2	MMP14	HBEGF	EGFR	GRB2	SOS1	SOS2	HRAS	KRAS	NRAS	RAF1	MAP2K1	MAP2K2	MAPK1	MAPK3	ELK1	EGR1
Estrogen_signaling_pathway	hsa04915	ESR1	ESR2	HSP90AA1	HSP90AB1	HSP90B1	FKBP4	FKBP5	HSPA8	HSPA1A	HSPA1L	HSPA1B	HSPA6	NCOA1	NCOA2	NCOA3	BCL2	EBAG9	KRT9	KRT10	KRT12	KRT13	KRT14	KRT15	KRT16	KRT17	KRT18	KRT19	KRT31	KRT32	KRT33A	KRT33B	KRT34	KRT35	KRT40	KRT39	KRT23	KRT25	KRT28	KRT24	KRT27	KRT20	KRT38	KRT37	KRT36	keratin, type I cuticular Ha4 [KO:K07604]	KRT26	CTSD	GREB1	TFF1	PGR	TGFA	RARA	FOS	JUN	SP1	GPER1	GNAS	SRC	MMP2	MMP9	HBEGF	ADCY1	ADCY2	ADCY3	ADCY4	ADCY5	ADCY6	ADCY7	ADCY8	ADCY9	PRKACA	PRKACB	PRKACG	CREB1	ATF2	ATF4	CREB3	CREB3L1	CREB3L2	CREB3L3	CREB3L4	CREB5	ATF6B	EGFR	SHC1	SHC2	SHC3	SHC4	GRB2	SOS1	SOS2	HRAS	KRAS	NRAS	RAF1	MAP2K1	MAP2K2	MAPK1	MAPK3	PIK3CA	PIK3CD	PIK3CB	PIK3R1	PIK3R2	PIK3R3	P3R3URF-PIK3R3	AKT1	AKT2	AKT3	GABBR1	GABBR2	GNAI1	GNAI3	GNAI2	GNAO1	KCNJ3	KCNJ6	KCNJ9	KCNJ5	POMC	OPRM1	PRKCD	GNAQ	PLCB1	PLCB2	PLCB3	PLCB4	ITPR1	ITPR2	ITPR3	CALML3	CALM2	CALM3	CALM1	CALML6	CALML5	CALML4	NOS3	GRM1
Prolactin_signaling_pathway	hsa04917	PRL	PRLR	JAK2	SHC1	SHC2	SHC3	SHC4	SRC	PIK3CA	PIK3CD	PIK3CB	PIK3R1	PIK3R2	PIK3R3	P3R3URF-PIK3R3	AKT1	AKT2	AKT3	FOXO3	GALT	GRB2	SOS1	SOS2	HRAS	KRAS	NRAS	RAF1	MAP2K1	MAP2K2	MAPK1	MAPK3	FOS	MAPK8	MAPK10	MAPK9	MAPK11	MAPK12	MAPK13	MAPK14	CCND1	GSK3B	CISH	SOCS1	SOCS2	SOCS3	SOCS4	SOCS5	SOCS7	SOCS6	STAT1	STAT3	STAT5A	STAT5B	TNFSF11	TNFRSF11A	NFKB1	RELA	ELF5	CSN2	CGA	LHB	LHCGR	CYP17A1	ESR1	ESR2	IRF1	TH	SLC2A2	GCK	CCND2	INS
Oxytocin_signaling_pathway	hsa04921	OXT	OXTR	GNAQ	HRAS	KRAS	NRAS	RAF1	MAP2K1	MAP2K2	MAPK1	MAPK3	PLA2G4E	PLA2G4A	JMJD7-PLA2G4B	PLA2G4B	PLA2G4C	PLA2G4D	PLA2G4F	PTGS2	MAP2K5	MAPK7	JUN	FOS	MEF2C	CCND1	ELK1	RYR1	RYR2	RYR3	CD38	TRPM2	KCNJ2	KCNJ12	KCNJ18	KCNJ4	KCNJ14	PLCB1	PLCB2	PLCB3	PLCB4	PRKCA	PRKCB	PRKCG	EEF2K	EEF2	CACNA1C	CACNA1D	CACNA1F	CACNA1S	CACNB1	CACNB2	CACNB3	CACNB4	CACNA2D1	CACNA2D2	CACNA2D3	CACNA2D4	CACNG1	CACNG2	CACNG3	CACNG4	CACNG5	CACNG6	CACNG7	CACNG8	ITPR1	ITPR2	ITPR3	CALML3	CALM2	CALM3	CALM1	CALML6	CALML5	CALML4	PPP3CA	PPP3CB	PPP3CC	PPP3R1	PPP3R2	NFATC1	NFATC2	NFATC3	NFATC4	RGS2	RCAN1	CAMKK2	PRKAA1	PRKAA2	PRKAB1	PRKAB2	PRKAG1	PRKAG3	PRKAG2	CAMK1D	CAMK1G	CAMK1	CAMK2A	CAMK2D	CAMK2B	CAMK2G	CAMK4	NOS3	GUCY1A2	GUCY1A1	GUCY1B1	NPPA	NPR1	NPR2	MYLK	MYLK2	MYLK3	MYLK4	MYL6B	MYL6	MYL9	ACTG1	ACTB	RHOA	ROCK1	ROCK2	PPP1CA	PPP1CB	PPP1CC	PPP1R12A	PPP1R12B	PPP1R12C	GNAS	ADCY1	ADCY2	ADCY3	ADCY4	ADCY5	ADCY6	ADCY7	ADCY8	ADCY9	PRKACA	PRKACB	PRKACG	GNAI1	GNAI3	GNAI2	GNAO1	PIK3CG	PIK3R5	PIK3R6	SRC	KCNJ3	KCNJ6	KCNJ9	KCNJ5	EGFR	CDKN1A
Relaxin_signaling_pathway	hsa04926	RLN1	RLN2	RXFP1	GNAO1	GNAI1	GNAI3	GNAI2	GNAS	GNB1	GNB2	GNB3	GNB4	GNB5	GNG2	GNG3	GNG4	GNG5	GNG7	GNG8	GNG10	GNG11	GNG12	GNG13	GNGT1	GNGT2	ADCY5	PRKACA	PRKACB	PRKACG	CREB1	ATF2	ATF4	CREB3	CREB3L1	CREB3L2	CREB3L3	CREB3L4	CREB5	ATF6B	VEGFA	VEGFB	VEGFC	VEGFD	NFKBIA	NFKB1	RELA	NOS2	PIK3CA	PIK3CD	PIK3CB	PIK3R1	PIK3R2	PIK3R3	P3R3URF-PIK3R3	PRKCZ	RAF1	MAP2K1	MAP2K2	MAPK1	MAPK3	MMP2	MMP9	AKT1	AKT2	AKT3	NOS3	NOS1	EDN1	EDNRB	MMP1	MMP13	TGFB1	TGFBR1	TGFBR2	SMAD2	ACTA2	COL1A1	COL1A2	COL3A1	COL4A2	COL4A4	COL4A6	COL4A1	COL4A5	COL4A3	INSL3	RXFP2	RLN3	RXFP3	ADCY1	ADCY2	ADCY3	ADCY4	ADCY6	ADCY7	ADCY8	ADCY9	PLCB1	PLCB2	PLCB3	PLCB4	PRKCA	MAP2K4	MAP2K7	MAPK11	MAPK12	MAPK13	MAPK14	MAPK8	MAPK10	MAPK9	JUN	FOS	HRAS	KRAS	NRAS	SRC	SHC1	SHC2	SHC3	SHC4	SOS1	SOS2	ARRB1	ARRB2	EGFR	GRB2	INSL5	RXFP4	GNA15
Thyroid_hormone_signaling_pathway	hsa04919	PRKACA	PRKACB	PRKACG	ITGAV	ITGB3	HRAS	KRAS	NRAS	RAF1	MAP2K1	MAP2K2	MAPK1	MAPK3	STAT1	TP53	ESR1	THRB	NCOR1	SIN3A	HDAC1	HDAC2	HDAC3	THRA	RXRA	RXRB	RXRG	KAT2B	KAT2A	NCOA1	NCOA2	NCOA3	CREBBP	EP300	MED4	MED12L	MED12	MED13L	MED13	MED14	MED16	MED17	MED24	MED27	MED30	MED1	CCND1	GATA4	RCAN1	HIF1A	MYC	MYH7	MYH6	ATP2A1	ATP2A3	ATP2A2	PLN	WNT4	CTNNB1	NOTCH1	NOTCH2	NOTCH3	NOTCH4	BMP4	PLCB1	PLCB2	PLCB3	PLCB4	PLCD1	PLCD3	PLCD4	PLCE1	PLCG1	PLCG2	PLCZ1	PRKCA	PRKCB	PRKCG	SLC9A1	ATP1A1	ATP1A2	ATP1A3	ATP1A4	ATP1B4	ATP1B1	ATP1B2	ATP1B3	FXYD2	SLC16A2	SLC16A10	SRC	PIK3CA	PIK3CD	PIK3CB	PIK3R1	PIK3R2	PIK3R3	P3R3URF-PIK3R3	PDPK1	AKT1	AKT2	AKT3	GSK3B	MDM2	TSC2	RHEB	MTOR	TBC1D4	PFKFB2	BAD	FOXO1	CASP9	RCAN2	SLC2A1	PFKM	PFKP	PFKL	SLCO1C1	DIO1	DIO2	DIO3	ACTG1	ACTB
Adrenergic_signaling_in_cardiomyocytes	hsa04261	ADRB1	ADRB2	GNAS	ADCY1	ADCY2	ADCY3	ADCY4	ADCY5	ADCY6	ADCY7	ADCY8	ADCY9	BVES	POPDC2	POPDC3	KCNK2	PRKACA	PRKACB	PRKACG	ATP1A1	ATP1A2	ATP1A3	ATP1A4	ATP1B4	ATP1B1	ATP1B2	ATP1B3	FXYD2	SLC9A1	KCNQ1	KCNE1	KCNE1B	ATP2B1	ATP2B3	ATP2B4	ATP2B2	SLC8A1	SLC8A2	SLC8A3	SCN5A	SCN7A	SCN1B	SCN4B	CACNA1C	CACNA1D	CACNA1F	CACNA1S	CACNB1	CACNB2	CACNB3	CACNB4	CACNA2D1	CACNA2D2	CACNA2D3	CACNA2D4	CACNG1	CACNG2	CACNG3	CACNG4	CACNG5	CACNG6	CACNG7	CACNG8	CALML3	CALM2	CALM3	CALM1	CALML6	CALML5	CALML4	CAMK2A	CAMK2D	CAMK2B	CAMK2G	RYR2	PPP2CA	PPP2CB	PPP2R1B	PPP2R1A	PPP2R2A	PPP2R2B	PPP2R2C	PPP2R2D	PPP2R3B	PPP2R3C	PPP2R3A	PPP2R5B	PPP2R5C	PPP2R5D	PPP2R5E	PPP2R5A	PPP1CA	PPP1CB	PPP1CC	TNNC1	TNNI3	TNNT2	TPM1	TPM2	TPM3	TPM4	ACTC1	MYH7	MYH6	MYL2	MYL3	MYL4	PLN	ATP2A1	ATP2A3	ATP2A2	AGT	AGTR1	AGTR2	ADRA1A	ADRA1B	ADRA1D	GNAQ	PLCB1	PLCB2	PLCB3	PLCB4	PRKCA	PPP1R1A	MAPK1	MAPK3	RPS6KA5	CREB1	ATF2	ATF4	CREB3	CREB3L1	CREB3L2	CREB3L3	CREB3L4	CREB5	ATF6B	CREM	BCL2	RAPGEF3	RAPGEF4	MAPK11	MAPK12	MAPK13	MAPK14	GNAI1	GNAI3	GNAI2	PIK3CG	PIK3R5	PIK3R6	AKT1	AKT2	AKT3
Retrograde_endocannabinoid_signaling	hsa04723	SLC17A6	SLC17A8	SLC17A7	GRIA1	GRIA2	GRIA3	GRIA4	CACNA1C	CACNA1D	CACNA1F	CACNA1S	GRM1	GRM5	GNAQ	PLCB1	PLCB2	PLCB3	PLCB4	ITPR1	ITPR2	ITPR3	NAPEPLD	PRKCA	PRKCB	PRKCG	DAGLA	DAGLB	PTGS2	ABHD6	FAAH	CNR1	GNAI1	GNAI3	GNAI2	GNAO1	GNB1	GNB2	GNB3	GNB4	GNB5	GNG2	GNG3	GNG4	GNG5	GNG7	GNG8	GNG10	GNG11	GNG12	GNG13	GNGT1	GNGT2	KCNJ3	KCNJ6	KCNJ9	KCNJ5	CACNA1A	CACNA1B	MAPK1	MAPK3	MAPK8	MAPK10	MAPK9	MAPK11	MAPK12	MAPK13	MAPK14	ADCY1	ADCY2	ADCY3	ADCY4	ADCY5	ADCY6	ADCY7	ADCY8	ADCY9	PRKACA	PRKACB	PRKACG	MGLL	ND1	ND2	ND3	ND4	ND4L	ND5	ND6	NDUFV1	NDUFV2	NDUFV3	NDUFA1	NDUFA2	NDUFA3	NDUFA4	NDUFA4L2	cytochrome c oxidase subunit NDUFA4-like [KO:K03948]	NDUFA5	NDUFA6	NDUFA7	NDUFA8	NDUFA9	NDUFA10	NDUFAB1	NDUFA11	NDUFA12	NDUFA13	NDUFB1	NDUFB2	NDUFB3	NDUFB4	NDUFB5	NDUFB6	NDUFB7	NDUFB8	NDUFB9	NDUFB10	NDUFB11	NDUFS1	NDUFS2	NDUFS3	NDUFS4	NDUFS5	NDUFS6	NDUFS7	NDUFS8	NDUFC1	NDUFC2	NDUFC2-KCTD14	SLC32A1	RIMS1	GABRA1	GABRA2	GABRA3	GABRA4	GABRA5	GABRA6	GABRB1	GABRB3	GABRB2	GABRG1	GABRG2	GABRG3	GABRD	GABRE	GABRQ	GABRP	GABRR1	GABRR2	GABRR3
Neurotrophin_signaling_pathway	hsa04722	NGF	BDNF	NTF4	NTF3	NTRK1	NTRK2	NTRK3	SH2B2	SH2B1	SH2B3	GRB2	SOS1	SOS2	HRAS	KRAS	NRAS	RAF1	BRAF	MAP2K1	MAP2K2	MAPK1	MAPK3	RPS6KA3	RPS6KA1	RPS6KA2	RPS6KA6	RPS6KA5	ATF4	BCL2	KIDINS220	FRS2	CRK	CRKL	RAPGEF1	RAP1A	RAP1B	MAP3K3	MAP2K5	MAPK7	MAPK11	MAPK12	MAPK13	MAPK14	MAPKAPK2	SHC1	SHC2	SHC3	SHC4	GAB1	PIK3R1	PIK3R2	PIK3R3	P3R3URF-PIK3R3	PIK3CA	PIK3CD	PIK3CB	AKT1	AKT2	AKT3	NFKBIB	NFKBIA	NFKBIE	NFKB1	RELA	FOXO3	FASLG	BAD	GSK3B	PDPK1	IRS1	PLCG1	PLCG2	PRKCD	CALML3	CALM2	CALM3	CALM1	CALML6	CALML5	CALML4	CAMK2A	CAMK2D	CAMK2B	CAMK2G	CAMK4	ABL1	PTPN11	MATK	NGFR	ARHGDIB	ARHGDIA	ARHGDIG	RHOA	CDC42	RAC1	MAP3K1	MAP3K5	MAP2K7	MAPK8	MAPK10	MAPK9	JUN	TP53	BAX	TP73	TRAF6	ZNF274	PRDM4	MAGED1	BEX3	YWHAE	RIPK2	IRAK1	IRAK2	IRAK3	IRAK4	IKBKB	SORT1	PSEN1	PSEN2
Epithelial_cell_signaling_in_Helicobacter_pylori_infection	hsa05120	PTPN11	MET	PLCG1	PLCG2	TJP1	F11R	JAM2	JAM3	IGSF5	ADAM17	HBEGF	EGFR	CXCL8	CXCR1	CXCR2	ADAM10	SRC	LYN	CSK	RAC1	CDC42	MAPK11	MAPK12	MAPK13	MAPK14	PAK1	MAP2K4	MAPK8	MAPK10	MAPK9	JUN	MAP3K14	CHUK	IKBKB	IKBKG	NFKBIA	NFKB1	RELA	NOD1	CXCL1	CXCL2	CXCL3	CCL5	PTPRZ1	GIT1	CASP3	ATP6V1A	ATP6V1B1	ATP6V1B2	ATP6V1C2	ATP6V1C1	ATP6V1D	ATP6V1E2	ATP6V1E1	ATP6V1F	ATP6V1FP2	ATP6V1G1	ATP6V1G3	ATP6V1G2	ATP6V0E1	ATP6V0E2	TCIRG1	ATP6V0A2	ATP6V0A4	ATP6V0A1	ATP6V0D1	ATP6V0D2	ATP6V1H	ATP6AP1	ATP6V0C	ATP6V0B
AGE-RAGE_signaling_pathway_in_diabetic_complications	hsa04933	TGFB2	TGFB3	TGFB1	TGFBR1	TGFBR2	SMAD2	SMAD3	SMAD4	CDKN1B	FN1	COL1A1	COL1A2	COL3A1	COL4A2	COL4A4	COL4A6	COL4A1	COL4A5	COL4A3	AGT	AGTR1	AGER	NOX1	CYBB	NOX4	PLCD1	PLCD3	PLCD4	PLCB1	PLCB2	PLCB3	PLCB4	PLCG1	PLCG2	PLCE1	PRKCA	PRKCB	PRKCD	PRKCE	PRKCZ	MAPK1	MAPK3	JUN	VEGFA	VEGFB	VEGFC	VEGFD	CCL2	SERPINE1	SELE	VCAM1	ICAM1	MMP2	IL1A	IL1B	IL6	CXCL8	TNF	F3	EDN1	THBD	MAPK11	MAPK12	MAPK13	MAPK14	RELA	NFKB1	MAPK8	MAPK10	MAPK9	DIAPH1	RAC1	CDC42	HRAS	KRAS	NRAS	PIK3CA	PIK3CD	PIK3CB	PIK3R1	PIK3R2	PIK3R3	P3R3URF-PIK3R3	AKT1	AKT2	AKT3	NOS3	FOXO1	BCL2	BAX	CASP3	JAK2	STAT3	PIM1	NFATC1	STAT1	STAT5A	STAT5B	CCND1	CDK4	EGR1
