PPAR_SIGNALING_PATHWAY	dummytext	CD36	SLC27A1	SLC27A4	SLC27A2	SLC27A5	SLC27A6	FABP1	FABP2	FABP3	FABP4	FABP5	FABP6	FABP7	PPARA	RXRA	RXRB	RXRG	PPARD	PPARG	APOA1	APOA2	APOC3	APOA5	PLTP	FADS2	SCD	SCD5	CYP7A1	CYP8B1	NR1H3	CYP27A1	DBI	LPL	ACSL6	ACSL4	ACSL1	ACSL5	ACSL3	ACSBG1	ACSBG2	OLR1	EHHADH	ACAA1	SCP2	ACOX3	ACOX1	ACOX2	CPT1A	CPT1B	CPT1C	CPT2	ACADL	ACADM	ANGPTL4	SORBS1	PLIN1	ADIPOQ	MMP1	UCP1	ILK	PDPK1	UBC	PCK1	PCK2	GK2	GK	AQP7	HMGCS2	ME1																																																																																																																																																																																																																																																																																						
MAPK_SIGNALING_PATHWAY	dummytext	CACNA1A	CACNA1B	CACNA1C	CACNA1D	CACNA1E	CACNA1F	CACNA1G	CACNA1H	CACNA1I	CACNA1S	CACNA2D1	CACNA2D2	CACNA2D3	CACNA2D4	CACNB1	CACNB2	CACNB3	CACNB4	CACNG1	CACNG2	CACNG3	CACNG4	CACNG5	CACNG6	CACNG7	CACNG8	PRKACA	PRKACB	PRKACG	PRKX	PRKCA	PRKCB	PRKCG	GNA12	GNG12	protein)	PPP3CA	PPP3CB	PPP3CC	PPP3R1	PPP3R2	RASGRF1	RASGRF2	RASGRP1	RASGRP2	RASGRP3	RASGRP4	RAPGEF2	NF1	RASA1	RASA2	RAP1A	RAP1B	NGF	BDNF	NTF3	NTF4	EGF	FGF1	FGF2	FGF3	FGF4	FGF17	FGF6	FGF7	FGF8	FGF9	FGF10	FGF11	FGF12	FGF13	FGF14	FGF16	FGF5	FGF18	FGF19	FGF20	FGF21	FGF22	FGF23	PDGFA	PDGFB	NTRK1	NTRK2	EGFR	FGFR1	FGFR2	FGFR3	FGFR4	PDGFRA	PDGFRB	GRB2	SOS1	SOS2	HRAS	KRAS	NRAS	RRAS	RRAS2	MRAS	BRAF	RAF1	MOS	MAP2K1	MAP2K2	LAMTOR3	MAPK1	MAPK3	MKNK1	MKNK2	RPS6KA3	RPS6KA1	RPS6KA2	RPS6KA6	ATF4	ELK1	ELK4	MYC	SRF	FOS	MAPT	STMN1	PLA2G4E	PLA2G4A	JMJD7-PLA2G4B	PLA2G4B	PLA2G4C	PLA2G4D	PLA2G4F	TNF	IL1A	IL1B	TGFB1	TGFB2	TGFB3	TNFRSF1A	IL1R1	IL1R2	TGFBR1	TGFBR2	FASLG	FAS	CD14	RAC1	RAC2	RAC3	CDC42	CASP3	TRAF2	DAXX	TRAF6	GADD45A	GADD45B	GADD45G	TAB1	TAB2	ECSIT	MAP4K3	MAP4K4	MAP4K1	PAK1	PAK2	STK4	STK3	MAP4K2	MAP3K8	MAP3K1	MAP3K11	MAP3K2	MAP3K3	MAP3K13	MAP3K12	ZAK	MAP3K6	MAP3K5	MAP3K7	MAP3K4	TAOK2	TAOK3	TAOK1	MAP2K4	MAP2K7	MAP2K3	MAP2K6	MAPK8IP1	MAPK8IP2	MAPK8IP3	FLNA	FLNC	FLNB	CRK	CRKL	ARRB1	ARRB2	MAPK8	MAPK10	MAPK9	MAPK11	MAPK12	MAPK13	MAPK14	MAPKAPK5	MAPKAPK2	MAPKAPK3	RPS6KA5	RPS6KA4	CDC25B	NFATC1	NFATC3	JUN	JUND	ATF2	TP53	DDIT3	MAX	MEF2C	HSPB1	AKT1	AKT2	AKT3	PPM1A	PTPRR	PTPN5	PTPN7	DUSP1	DUSP4	DUSP2	DUSP7	DUSP8	DUSP5	DUSP6	DUSP10	DUSP16	DUSP9	DUSP3	PPP5C	PPP5D1	PPM1B	HSPA8	HSPA1A	HSPA2	HSPA1L	HSPA1B	HSPA6	MECOM	MAP2K5	MAPK7	NR4A1	MAP3K14	CHUK	IKBKB	IKBKG	NLK	NFKB1	NFKB2	RELA	RELB																																																																																										
ERBB_SIGNALING_PATHWAY	dummytext	EGF	TGFA	AREG	EGFR	ERBB2	PLCG1	PLCG2	CAMK2A	CAMK2D	CAMK2B	CAMK2G	PRKCA	PRKCB	PRKCG	CBLC	CBL	CBLB	STAT5A	STAT5B	SRC	PTK2	CRK	CRKL	ABL1	ABL2	NCK1	NCK2	PAK1	PAK2	PAK3	PAK4	PAK6	PAK7	MAP2K4	MAP2K7	MAPK8	MAPK10	MAPK9	JUN	ELK1	BTC	HBEGF	EREG	ERBB3	NRG1	NRG2	ERBB4	SHC1	SHC2	SHC3	SHC4	GRB2	SOS1	SOS2	HRAS	KRAS	NRAS	ARAF	BRAF	RAF1	MAP2K1	MAP2K2	MAPK1	MAPK3	MYC	GAB1	NRG3	NRG4	PIK3CA	PIK3CD	PIK3CB	PIK3CG	PIK3R1	PIK3R5	PIK3R2	PIK3R3	AKT1	AKT2	AKT3	MTOR	RPS6KB1	RPS6KB2	EIF4EBP1	BAD	GSK3B	CDKN1A	CDKN1B																																																																																																																																																																																																																																																																				
RAS_SIGNALING_PATHWAY	dummytext	EGF	FGF1	FGF2	FGF3	FGF4	FGF17	FGF6	FGF7	FGF8	FGF9	FGF10	FGF11	FGF12	FGF13	FGF14	FGF16	FGF5	FGF18	FGF19	FGF20	FGF21	FGF22	FGF23	NGF	INS	IGF1	PDGFA	PDGFB	PDGFC	PDGFD	CSF1	KITLG	VEGFA	VEGFB	PGF	VEGFC	FIGF	HGF	ANGPT1	ANGPT2	ANGPT4	EFNA1	EFNA2	EFNA3	EFNA4	EFNA5	EGFR	FGFR1	FGFR2	FGFR3	FGFR4	NGFR	INSR	IGF1R	PDGFRA	PDGFRB	CSF1R	KIT	FLT1	FLT4	KDR	MET	TEK	EPHA2	GRB2	GAB1	GAB2	SHC1	SHC2	SHC3	SHC4	PTPN11	SOS1	SOS2	PLCG1	PLCG2	RASGRP1	RASGRP2	RASGRP3	RASGRP4	ZAP70	LAT	HTR7	GNB1	GNB2	GNB3	GNB4	GNB5	GNG2	GNG3	GNG4	GNG5	GNG7	GNG8	GNG10	GNG11	GNG12	protein)	GNG13	GNGT1	GNGT2	PRKACA	PRKACB	PRKACG	PRKX	RASGRF1	RASGRF2	GRIN1	GRIN2A	GRIN2B	CALML3	CALM2	CALM3	CALM1	CALML6	CALML5	HRAS	KRAS	NRAS	MRAS	RRAS	RRAS2	NF1	RASA1	RASA2	RASA3	RASA4	RASA4B	SYNGAP1	RASAL1	RASAL2	RASAL3	RASSF1	RASSF5	STK4	TIAM1	RAC1	RAC2	RAC3	PAK1	PAK2	PAK3	PAK4	PAK6	PAK7	RHOA	PIK3CA	PIK3CD	PIK3CB	PIK3CG	PIK3R1	PIK3R5	PIK3R2	PIK3R3	AKT1	AKT2	AKT3	IKBKG	CHUK	IKBKB	NFKB1	RELA	BAD	BCL2L1	FOXO4	FASLG	MLLT4	RAF1	MAP2K1	MAP2K2	MAPK1	MAPK3	PLA1A	PLA2G10	PLA2G2D	PLA2G2E	PLA2G3	PLA2G2F	PLA2G12A	PLA2G12B	PLA2G1B	PLA2G5	PLA2G2A	PLA2G2C	PLA2G4E	PLA2G4A	JMJD7-PLA2G4B	PLA2G4B	PLA2G4C	PLA2G4D	PLA2G4F	PLA2G6	PLA2G16	ELK1	ETS1	ETS2	BRAP	KSR1	KSR2	RAPGEF5	RAP1A	RAP1B	RALGDS	RGL1	RGL2	RALA	RALB	MAPK8	MAPK10	MAPK9	EXOC2	TBK1	REL	PLD1	PLD2	RALBP1	CDC42	PLCE1	PRKCA	PRKCB	PRKCG	RIN1	ABL1	ABL2	RAB5A	RAB5B	RAB5C	ARF6																																																																																																																							
RAP1_SIGNALING_PATHWAY	dummytext	RAP1A	RAP1B	MRAS	RAPGEF5	DOCK4	GRIN1	GRIN2A	GRIN2B	CALML3	CALM2	CALM3	CALM1	CALML6	CALML5	F2R	F2RL3	P2RY1	FPR1	LPAR1	LPAR2	LPAR3	LPAR4	LPAR5	ADORA2A	ADORA2B	GNAS	ADCY1	ADCY2	ADCY3	ADCY4	ADCY5	ADCY6	ADCY7	ADCY8	ADCY9	RAPGEF3	RAPGEF4	GNAQ	PLCB1	PLCB2	PLCB3	PLCB4	RASGRP3	RASGRP2	EGF	FGF1	FGF2	FGF3	FGF4	FGF17	FGF6	FGF7	FGF8	FGF9	FGF10	FGF11	FGF12	FGF13	FGF14	FGF16	FGF5	FGF18	FGF19	FGF20	FGF21	FGF22	FGF23	NGF	INS	IGF1	PDGFA	PDGFB	PDGFC	PDGFD	CSF1	KITLG	VEGFA	VEGFB	PGF	VEGFC	FIGF	HGF	ANGPT1	ANGPT2	ANGPT4	EFNA1	EFNA2	EFNA3	EFNA4	EFNA5	EGFR	FGFR1	FGFR2	FGFR3	FGFR4	NGFR	INSR	IGF1R	PDGFRA	PDGFRB	CSF1R	KIT	FLT1	FLT4	KDR	MET	TEK	EPHA2	CRK	CRKL	RAPGEF1	BCAR1	CDH1	CTNNB1	MAGI1	MAGI2	MAGI3	RAPGEF2	RAPGEF6	LAT	FYB	LCP2	SKAP1	PLCG1	PRKCA	PRKCB	PRKCG	PRKD1	PRKD3	PRKD2	DRD2	CNR1	GNAI1	GNAI3	GNAI2	GNAO1	RAP1GAP	SIPA1L1	SIPA1	SIPA1L2	SIPA1L3	ID1	THBS1	RALGDS	RALA	RALB	RAC1	RAC2	RAC3	APBB1IP	TLN1	TLN2	ITGA2B	ITGB3	PFN3	PFN1	PFN2	PFN4	VASP	ACTB	ACTG1	ARAP3	RHOA	SRC	FARP2	CDC42	TIAM1	PARD3	PARD6A	PARD6G	PARD6B	PRKCZ	PRKCI	MLLT4	CTNND1	KRIT1	RGS14	RASSF5	ITGAL	ITGAM	ITGB2	ITGB1	BRAF	RAF1	MAP2K1	MAP2K2	MAPK1	MAPK3	MAP2K3	MAP2K6	MAPK11	MAPK12	MAPK13	MAPK14	PIK3CA	PIK3CD	PIK3CB	PIK3CG	PIK3R1	PIK3R5	PIK3R2	PIK3R3	AKT1	AKT2	AKT3	PLCE1	HRAS	KRAS	NRAS	RRAS	VAV2																																																																																																																																								
CALCIUM_SIGNALING_PATHWAY	dummytext	SLC8A1	SLC8A2	SLC8A3	ATP2B1	ATP2B3	ATP2B4	ATP2B2	CHRM1	CHRM3	CHRM5	ADORA2A	ADORA2B	ADRB1	ADRB2	ADRB3	DRD1	DRD5	HRH2	HTR4	HTR5A	HTR6	HTR7	GNAS	GNAL	ADCY1	ADCY2	ADCY3	ADCY4	ADCY7	ADCY8	ADCY9	PRKACA	PRKACB	PRKACG	PRKX	PLN	ATP2A1	ATP2A3	ATP2A2	STIM1	STIM2	ORAI1	ORAI2	ORAI3	CACNA1C	CACNA1D	CACNA1F	CACNA1S	CACNA1A	CACNA1B	CACNA1E	CACNA1G	CACNA1H	CACNA1I	CHRNA7	P2RX1	P2RX2	P2RX3	P2RX4	P2RX5	P2RX7	P2RX6	GRIN1	GRIN2A	GRIN2C	GRIN2D	RYR1	RYR2	RYR3	CYSLTR1	CYSLTR2	CHRM2	ADRA1A	ADRA1B	ADRA1D	AGTR1	EDNRA	EDNRB	F2R	GRM1	GRM5	GRPR	HRH1	HTR2A	HTR2B	HTR2C	LHCGR	NTSR1	OXTR	AVPR1A	AVPR1B	LTB4R2	PTAFR	PTGER1	PTGER3	PTGFR	BDKRB1	BDKRB2	TACR1	TACR2	TACR3	TBXA2R	TRHR	CCKAR	CCKBR	EGFR	ERBB2	ERBB3	ERBB4	PDGFRA	PDGFRB	GNAQ	GNA11	GNA14	GNA15	PLCD1	PLCD3	PLCD4	PLCB1	PLCB2	PLCB3	PLCB4	PLCG1	PLCG2	PLCE1	PLCZ1	ITPR1	ITPR2	ITPR3	CD38	SPHK1	SPHK2	VDAC1	VDAC2	VDAC3	SLC25A4	SLC25A5	SLC25A6	SLC25A31	PPIF	TNNC1	TNNC2	CALML3	CALM2	CALM3	CALM1	CALML6	CALML5	PHKG1	PHKG2	PHKB	PHKA2	PHKA1	MYLK	MYLK2	MYLK3	MYLK4	CAMK2A	CAMK2D	CAMK2B	CAMK2G	CAMK4	PPP3CA	PPP3CB	PPP3CC	PPP3R1	PPP3R2	NOS1	NOS2	NOS3	PDE1A	PDE1B	PDE1C	PTK2B	ITPKB	ITPKA	ITPKC	PRKCA	PRKCB	PRKCG																																																																																																																																																																							
CGMP-PKG_SIGNALING_PATHWAY	dummytext	AGTR1	EDNRA	EDNRB	ADRA1A	ADRA1B	ADRA1D	ADRA2A	ADRA2B	ADRA2C	GNAQ	GNA11	GNA12	GNA13	TRPC6	PPP3CA	PPP3CB	PPP3CC	PPP3R1	PPP3R2	MEF2A	MEF2BNB-MEF2B	MEF2B	MEF2C	MEF2D	NFATC1	NFATC2	NFATC3	NFATC4	SRF	GATA4	NPPB	NPR1	NPR2	PRKG1	PRKG2	CACNA1C	CACNA1D	CACNA1F	CACNA1S	KCNMA1	KCNU1	KCNMB1	KCNMB2	KCNMB3	KCNMB4	SLC8A1	SLC8A2	SLC8A3	ATP1A1	ATP1A2	ATP1A3	ATP1A4	ATP1B4	ATP1B1	ATP1B2	ATP1B3	FXYD2	ATP2B1	ATP2B3	ATP2B4	ATP2B2	RGS2	GTF2IRD1	GTF2I	PLCB1	PLCB2	PLCB3	PLCB4	ITPR1	ITPR2	ITPR3	MRVI1	PLN	ATP2A1	ATP2A3	ATP2A2	RHOA	ROCK1	ROCK2	PPP1R12A	PPP1CA	PPP1CB	PPP1CC	CALML3	CALM2	CALM3	CALM1	CALML6	CALML5	MYLK	MYLK2	MYLK3	MYLK4	MYL9	CNGA1	CNGB1	ADCY1	ADCY2	ADCY3	ADCY4	ADCY5	ADCY6	ADCY7	ADCY8	ADCY9	PDE2A	PDE3A	PDE3B	PDE5A	GUCY1A2	GUCY1A3	GUCY1B3	BDKRB2	OPRD1	ADORA1	ADORA3	GNAI1	GNAI3	GNAI2	INS	INSR	IRS1	IRS2	IRS4	PIK3CA	PIK3CD	PIK3CB	PIK3CG	PIK3R1	PIK3R5	PIK3R2	PIK3R3	AKT1	AKT2	AKT3	NOS3	ADRB1	ADRB2	ADRB3	PRKCE	KCNJ8	VDAC1	VDAC2	VDAC3	SLC25A4	SLC25A5	SLC25A6	SLC25A31	PPIF	CREB1	ATF2	ATF4	CREB3	CREB3L1	CREB3L2	CREB3L3	CREB3L4	CREB5	ATF6B	BAD	VASP	RAF1	MAP2K1	MAP2K2	MAPK1	MAPK3	MYH7																																																																																																																																																																																				
CAMP_SIGNALING_PATHWAY	dummytext	FSHB	ADRB1	DRD1	DRD5	ADORA2A	HTR4	HTR6	PTGER2	ADCYAP1R1	VIPR2	TSHR	MC2R	GLP1R	GIPR	GPR119	FSHR	NPR1	GNAS	NPY	GHRL	ADRB2	HTR1A	HTR1B	HTR1D	HTR1E	HTR1F	CHRM1	CHRM2	DRD2	GABBR1	GABBR2	ADORA1	EDNRA	NPY1R	SSTR1	SSTR2	SSTR5	HCAR1	HCAR2	HCAR3	FFAR2	SUCNR1	PTGER3	OXTR	GHSR	GNAI1	GNAI3	GNAI2	ADCY1	ADCY2	ADCY3	ADCY4	ADCY5	ADCY6	ADCY7	ADCY8	ADCY9	ADCY10	HCN2	HCN4	CNGA1	CNGA2	CNGA3	CNGA4	CNGB1	CNGB3	CALML3	CALM2	CALM3	CALM1	CALML6	CALML5	CAMK2A	CAMK2D	CAMK2B	CAMK2G	CAMK4	ABCC4	RAPGEF3	RAPGEF4	RRAS	RRAS2	PLD1	PLD2	PLCE1	MAPK8	MAPK10	MAPK9	RAP1A	RAP1B	TIAM1	VAV3	VAV1	VAV2	RAC1	RAC2	RAC3	PAK1	ARAP3	RHOA	MLLT4	PIK3CA	PIK3CD	PIK3CB	PIK3CG	PIK3R1	PIK3R5	PIK3R2	PIK3R3	AKT1	AKT2	AKT3	BRAF	RAF1	MAP2K1	MAP2K2	MAPK1	MAPK3	PRKACA	PRKACB	PRKACG	PRKX	PPP1R1B	PPP1CA	PPP1CB	PPP1CC	CREB1	CREB3	CREB3L1	CREB3L2	CREB3L3	CREB3L4	CREB5	CREBBP	EP300	BDNF	FOS	JUN	GLI3	GLI1	PTCH1	HHIP	NFKBIA	NFKB1	RELA	SOX9	AMH	PPARA	ACOX3	ACOX1	NFATC1	F2R	BAD	LIPE	ROCK1	ROCK2	PPP1R12A	MYL9	TNNI3	PLN	RYR2	GRIN1	GRIN2A	GRIN2B	GRIN2C	GRIN2D	GRIN3A	GRIN3B	GRIA1	GRIA2	GRIA3	GRIA4	CFTR	ATP1A1	ATP1A2	ATP1A3	ATP1A4	ATP1B4	ATP1B1	ATP1B2	ATP1B3	FXYD2	FXYD1	SLC9A1	ORAI1	ATP2B1	ATP2B3	ATP2B4	ATP2B2	CACNA1C	CACNA1D	CACNA1F	CACNA1S	PDE3A	PDE3B	PDE4A	PDE4B	PDE4C	PDE4D	ATP2A2																																																																																																																																																			
CHEMOKINE_SIGNALING_PATHWAY	dummytext	CXCL1	CXCL2	CXCL3	CXCL5	CXCL6	PPBP	CXCL8	CXCL9	CXCL10	CXCL11	CXCL12	CXCL13	CXCL16	PF4	PF4V1	CXCL14	XCL1	XCL2	CX3CL1	CCL2	CCL3	CCL3L1	CCL3L3	CCL4	CCL4L2	CCL4L1	CCL5	CCL7	CCL8	CCL11	CCL13	CCL15	CCL23	CCL19	CCL20	CCL21	CCL25	CCL27	CCL28	CCL1	CCL14	CCL16	CCL17	CCL18	CCL22	CCL24	CCL26	CXCR2	CXCR1	CXCR3	CXCR4	CXCR5	CXCR6	XCR1	CX3CR1	CCR8	CCR6	CCR9	CCR4	CCR7	CCR2	CCR5	CCR1	CCR3	CCR10	JAK2	JAK3	STAT1	STAT2	STAT3	STAT5B	GNAI1	GNAI3	GNAI2	ADCY1	ADCY2	ADCY3	ADCY4	ADCY5	ADCY6	ADCY7	ADCY8	ADCY9	PRKACA	PRKACB	PRKACG	PRKX	LYN	HCK	FGR	SRC	SHC1	SHC2	SHC3	SHC4	GRB2	SOS1	SOS2	HRAS	KRAS	NRAS	RAF1	BRAF	MAP2K1	MAPK1	MAPK3	PIK3R1	PIK3R5	PIK3R2	PIK3R3	PIK3CA	PIK3CD	PIK3CB	PIK3CG	PRKCZ	AKT1	AKT2	AKT3	FOXO3	CHUK	IKBKB	IKBKG	NFKBIA	NFKBIB	NFKB1	RELA	GSK3A	GSK3B	ITK	VAV3	VAV1	VAV2	RAC1	RAC2	PAK1	CDC42	WAS	WASL	RHOA	ROCK1	ROCK2	GNB1	GNB2	GNB3	GNB4	GNB5	GNG2	GNG3	GNG4	GNG5	GNG7	GNG8	GNG10	GNG11	GNG12	protein)	GNG13	GNGT1	GNGT2	PREX1	ELMO1	DOCK2	PTK2	PXN	BCAR1	CRK	CRKL	PTK2B	PLCB1	PLCB2	PLCB3	PLCB4	RASGRP2	RAP1A	RAP1B	PARD3	TIAM1	NCF1	GRK7	GRK1	ADRBK1	ADRBK2	GRK4	GRK5	GRK6	ARRB1	ARRB2	PRKCB	PRKCD																																																																																																																																																														
NF-KAPPA_B_SIGNALING_PATHWAY	dummytext	LCK	ZAP70	LAT	PLCG1	PRKCQ	SYK	LYN	BLNK	BTK	PLCG2	CARD11	BCL10	MALT1	IL1B	IL1R1	MYD88	IRAK1	IRAK4	TRAF6	TNF	TNFRSF1A	RIPK1	TRADD	TRAF2	TRAF5	BIRC2	BIRC3	DDX58	TRIM25	LBP	CD14	TLR4	LY96	TIRAP	TICAM2	TICAM1	CD40LG	CD40	TRAF3	TNFSF11	TNFRSF11A	LTA	LTB	TNFSF14	LTBR	MAP3K14	MAP3K7	TAB1	TAB2	TAB3	TNFSF13B	TNFRSF13C	IKBKG	CHUK	IKBKB	PIAS4	UBE2I	ATM	PIDD1	ERC1	NFKBIA	NFKB1	RELA	CFLAR	XIAP	BCL2L1	BCL2	TRAF1	BCL2A1	NFKB2	CXCL8	TNFAIP3	PTGS2	CCL4	CCL4L2	CCL4L1	VCAM1	PLAU	CSNK2A1	CSNK2A2	CSNK2B	RELB	CCL13	CCL19	CCL21	CXCL12	ICAM1	PARP1	CXCL2	GADD45B	PRKCB																																																																																																																																																																																																																																																																
HIF-1_SIGNALING_PATHWAY	dummytext	IL6	IL6R	STAT3	TLR4	IFNG	IFNGR1	IFNGR2	RELA	NFKB1	INS	EGF	IGF1	INSR	EGFR	IGF1R	ERBB2	MAP2K1	MAP2K2	MAPK1	MAPK3	MKNK1	MKNK2	PIK3CA	PIK3CD	PIK3CB	PIK3CG	PIK3R1	PIK3R5	PIK3R2	PIK3R3	AKT1	AKT2	AKT3	MTOR	EIF4EBP1	EIF4E	EIF4E2	EIF4E1B	RPS6KB1	RPS6KB2	RPS6	HIF1A	VHL	RBX1	TCEB1	TCEB2	CUL2	EGLN1	EGLN3	EGLN2	ARNT	CREBBP	EP300	NOX3	NOX1	CYBB	PLCG1	PLCG2	PRKCA	PRKCB	PRKCG	CAMK2A	CAMK2D	CAMK2B	CAMK2G	TIMP1	LTBR	EPO	TF	TFRC	VEGFA	FLT1	SERPINE1	ANGPT1	ANGPT2	ANGPT4	TEK	EDN1	NOS2	NOS3	NPPA	SLC2A1	PDK1	HK3	HK1	HK2	HKDC1	GAPDH	ENO3	ENO2	ENO1	PFKFB3	BCL2	CDKN1A	CDKN1B	PDHA2	PDHA1	PDHB	ALDOA	HMOX1	LDHA	PFKL	PGK1																																																																																																																																																																																																																																																				
FOXO_SIGNALING_PATHWAY	dummytext	TGFB1	TGFB2	TGFB3	TGFBR1	TGFBR2	SMAD4	SMAD2	SMAD3	STK11	PRKAA1	PRKAA2	PRKAB1	PRKAB2	PRKAG1	PRKAG3	PRKAG2	NLK	SKP2	MDM2	SETD7	CREBBP	EP300	SIRT1	USP7	SLC2A4	MAPK8	MAPK10	MAPK9	STK4	IGF1	IGF1R	INS	INSR	IRS1	IRS2	IRS4	PIK3CA	PIK3CD	PIK3CB	PIK3CG	PIK3R1	PIK3R5	PIK3R2	PIK3R3	PDPK1	CHUK	IKBKB	PTEN	AKT1	AKT2	AKT3	SGK1	SGK2	SGK3	C8orf44-SGK3	FOXO1	FOXO3	FOXO4	FOXO6	GRM1	HOMER1	HOMER2	HOMER3	AGAP2	CSNK1E	readthrough	IL6	IL10	STAT3	EGF	EGFR	GRB2	SOS1	SOS2	HRAS	KRAS	NRAS	BRAF	RAF1	ARAF	MAP2K1	MAP2K2	MAPK1	MAPK3	MAPK11	MAPK12	MAPK13	MAPK14	CDK2	PRMT1	FOXG1	CCNB1	CCNB2	CCNB3	CCND1	CCND2	CCNG2	CDKN2B	CDKN2D	CDKN1A	CDKN1B	RBL2	PLK1	PLK2	PLK3	PLK4	GADD45A	GADD45B	GADD45G	FASLG	BCL2L11	TNFSF10	BCL6	BNIP3	ATG12	GABARAP	GABARAPL1	GABARAPL2	CAT	SOD2	ATM	PCK1	PCK2	G6PC	G6PC2	G6PC3	IL7R	KLF2	S1PR1	S1PR4	RAG1	RAG2	FBXO25	FBXO32																																																																																																																																																																																																																					
PHOSPHATIDYLINOSITOL_SIGNALING_SYSTEM	dummytext	PI4KA	PI4KB	PI4K2A	PI4K2B	PIP5K1C	PIP5K1A	PIP5K1B	DGKZ	DGKD	DGKI	DGKA	DGKE	DGKB	DGKH	DGKG	DGKQ	DGKK	ITPKB	ITPKA	ITPKC	ITPK1	PIK3C3	PIP4K2C	PIP4K2A	PIP4K2B	PIKFYVE	PIK3CA	PIK3CD	PIK3CB	PIK3CG	PIK3C2G	PIK3C2A	PIK3C2B	IPPK	CDS1	CDS2	CDIPT	IMPA2	IMPA1	IMPAD1	SYNJ1	SYNJ2	OCRL	INPP5E	INPP5B	PTEN	INPP5K	INPP5J	INPP5A	INPP1	MTM1	INPP4A	INPP4B	PLCB1	PLCB2	PLCB3	PLCB4	PLCD1	PLCD3	PLCD4	PLCE1	PLCG1	PLCG2	PLCZ1	ITPR1	ITPR2	ITPR3	PIK3R1	PIK3R5	PIK3R2	PIK3R3	PRKCA	PRKCB	PRKCG	INPP5D	INPPL1	CALML3	CALM2	CALM3	CALM1	CALML6	CALML5																																																																																																																																																																																																																																																																									
SPHINGOLIPID_SIGNALING_PATHWAY	dummytext	SPTLC1	SPTLC2	SPTLC3	CERS2	CERS3	CERS6	CERS1	CERS4	CERS5	DEGS1	DEGS2	SMPD1	SGMS1	SGMS2	TNF	TNFRSF1A	NSMAF	SMPD2	ASAH1	ASAH2	ACER2	ACER1	TRADD	TRAF2	CTSD	BID	BAX	MAP3K5	MAPK8	MAPK10	MAPK9	MAPK11	MAPK12	MAPK13	MAPK14	PRKCZ	AKT1	AKT2	AKT3	BCL2	PPP2CA	PPP2CB	PPP2R1B	PPP2R1A	PPP2R2A	PPP2R2B	PPP2R2C	PPP2R2D	PPP2R3B	PPP2R3C	PPP2R3A	PPP2R5B	PPP2R5C	PPP2R5D	PPP2R5E	PPP2R5A	TP53	FCER1A	MS4A2	FCER1G	FYN	GAB2	PIK3CA	PIK3CD	PIK3CB	PIK3CG	PIK3R1	PIK3R5	PIK3R2	PIK3R3	PLD1	PLD2	SPHK1	SPHK2	ADORA1	ADORA3	BDKRB2	OPRD1	GNAI1	GNAI3	GNAI2	PLCB1	PLCB2	PLCB3	PLCB4	PRKCE	MAPK1	MAPK3	SGPP1	SGPP2	ABCC1	SGPL1	S1PR1	S1PR2	HRAS	KRAS	NRAS	RAF1	MAP2K1	MAP2K2	PDPK1	NOS3	RAC1	RAC2	RAC3	S1PR3	GNAQ	PRKCA	PRKCB	PRKCG	S1PR4	S1PR5	GNA12	GNA13	RHOA	ROCK1	ROCK2	PTEN	NFKB1	RELA																																																																																																																																																																																																																																			
P53_SIGNALING_PATHWAY	dummytext	ATM	CHEK2	ATR	CHEK1	CDKN2A	MDM2	MDM4	TP53	CDKN1A	CCND1	CCND2	CCND3	CDK4	CDK6	CCNE1	CCNE2	CDK2	SFN	RPRM	CCNB1	CCNB2	CCNB3	CDK1	GADD45A	GADD45B	GADD45G	GTSE1	FAS	PIDD1	CASP8	BID	BAX	PMAIP1	BBC3	TP53AIP1	TP53I3	EI24	SHISA5	PERP	ZMAT3	SIAH1	CYCS	APAF1	CASP9	CASP3	IGFBP3	IGF1	SERPINE1	BAI1	CD82	THBS1	SERPINB5	DDB2	RRM2B	RRM2	SESN1	SESN2	SESN3	PTEN	TSC2	STEAP3	RFWD2	RCHY1	CCNG1	CCNG2	PPM1D	TP73	TNFRSF10B																																																																																																																																																																																																																																																																																							
MTOR_SIGNALING_PATHWAY	dummytext	INS	IGF1	IRS1	PIK3R1	PIK3R5	PIK3R2	PIK3R3	PIK3CA	PIK3CD	PIK3CB	PIK3CG	PTEN	PDPK1	AKT1	AKT2	AKT3	AKT1S1	TSC1	TSC2	RHEB	MLST8	RRAGA	RRAGB	RRAGC	RRAGD	MTOR	RPTOR	RICTOR	HIF1A	VEGFA	RPS6KB1	RPS6KB2	EIF4B	RPS6	EIF4EBP1	EIF4E	EIF4E2	EIF4E1B	ULK3	ULK1	ULK2	MAPK1	MAPK3	RPS6KA3	RPS6KA1	RPS6KA2	RPS6KA6	DDIT4	TNF	IKBKB	STK11	STRADA	CAB39	CAB39L	PRKAA1	PRKAA2	BRAF	PRKCA	PRKCB	PRKCG																																																																																																																																																																																																																																																																																															
PI3K-AKT_SIGNALING_PATHWAY	dummytext	EGF	FGF1	FGF2	FGF3	FGF4	FGF17	FGF6	FGF7	FGF8	FGF9	FGF10	FGF11	FGF12	FGF13	FGF14	FGF16	FGF5	FGF18	FGF19	FGF20	FGF21	FGF22	FGF23	NGF	INS	IGF1	PDGFA	PDGFB	PDGFC	PDGFD	CSF1	KITLG	VEGFA	VEGFB	PGF	VEGFC	FIGF	HGF	ANGPT1	ANGPT2	ANGPT4	EFNA1	EFNA2	EFNA3	EFNA4	EFNA5	EGFR	FGFR1	FGFR2	FGFR3	FGFR4	NGFR	INSR	IGF1R	PDGFRA	PDGFRB	CSF1R	KIT	FLT1	FLT4	KDR	MET	TEK	EPHA2	GRB2	SOS1	SOS2	HRAS	KRAS	NRAS	RAF1	MAP2K1	MAP2K2	MAPK1	MAPK3	IRS1	TLR2	TLR4	RAC1	SYK	CD19	PIK3AP1	GH1	GH2	CSH1	CSH2	PRL	OSM	IL2	IL3	IL6	IL4	IL7	IFNA1	IFNA2	IFNA4	IFNA5	IFNA6	IFNA7	IFNA8	IFNA10	IFNA13	IFNA14	IFNA16	IFNA17	IFNA21	IFNB1	EPO	CSF3	GHR	PRLR	OSMR	IL2RA	IL2RB	IL2RG	IL3RA	IL6R	IL4R	IL7R	IFNAR1	IFNAR2	EPOR	CSF3R	JAK1	JAK2	JAK3	COL1A1	COL1A2	COL2A1	COL3A1	COL5A1	COL5A2	COL11A1	COL11A2	COL5A3	COL24A1	COL27A1	COL4A2	COL4A4	COL4A6	COL4A1	COL4A5	COL4A3	COL6A1	COL6A2	COL6A3	COL6A6	COL6A5	LAMA1	LAMA2	LAMA3	LAMA5	LAMA4	LAMB1	LAMB2	LAMB3	LAMB4	LAMC1	LAMC2	LAMC3	CHAD	RELN	THBS1	COMP	THBS2	THBS3	THBS4	FN1	SPP1	VTN	TNC	TNN	TNR	TNXB	VWF	IBSP	ITGA1	ITGA2	ITGA2B	ITGA3	ITGA4	ITGA5	ITGA6	ITGA7	ITGA8	ITGA9	ITGA10	ITGA11	ITGAV	ITGB1	ITGB3	ITGB4	ITGB5	ITGB6	ITGB7	ITGB8	PTK2	F2R	CHRM1	CHRM2	LPAR1	LPAR2	LPAR3	LPAR4	LPAR5	LPAR6	GNB1	GNB2	GNB3	GNB4	GNB5	GNG2	GNG3	GNG4	GNG5	GNG7	GNG8	GNG10	GNG11	GNG12	protein)	GNG13	GNGT1	GNGT2	PDPK1	STK11	PRKAA1	PRKAA2	DDIT4	TSC1	TSC2	RHEB	MLST8	MTOR	RPTOR	EIF4EBP1	EIF4E	EIF4E2	EIF4E1B	RPS6KB1	RPS6KB2	EIF4B	RPS6	PKN1	PKN3	PKN2	SGK1	SGK2	SGK3	C8orf44-SGK3	AKT1	AKT2	AKT3	PTEN	THEM4	PPP2CA	PPP2CB	PPP2R1B	PPP2R1A	PPP2R2A	PPP2R2B	PPP2R2C	PPP2R2D	PPP2R3B	PPP2R3C	PPP2R3A	PPP2R5B	PPP2R5C	PPP2R5D	PPP2R5E	PPP2R5A	HSP90AA1	HSP90AB1	HSP90B1	CDC37	CRTC2	PHLPP1	PHLPP2	TCL1A	TCL1B	MTCP1	NOS3	BRCA1	GSK3B	GYS2	GYS1	PCK1	PCK2	G6PC	G6PC2	G6PC3	MYC	CCND1	CDKN1A	CDKN1B	CDK2	CDK4	CDK6	CCND2	CCND3	CCNE1	CCNE2	FOXO3	RBL2	FASLG	BCL2L11	YWHAZ	YWHAB	YWHAQ	YWHAE	YWHAH	YWHAG	BAD	BCL2L1	BCL2	CASP9	CREB1	ATF2	ATF4	CREB3	CREB3L1	CREB3L2	CREB3L3	CREB3L4	CREB5	ATF6B	MCL1	RXRA	NR4A1	IKBKG	CHUK	IKBKB	RELA	NFKB1	MYB	MDM2	TP53	PIK3CA	PIK3CD	PIK3CB	PIK3CG	PIK3R1	PIK3R5	PIK3R2	PIK3R3	PRKCA	PRKCZ
AMPK_SIGNALING_PATHWAY	dummytext	MAP3K7	STK11	CAB39	CAB39L	STRADA	STRADB	LEP	LEPR	CAMKK1	CAMKK2	ADRA1A	ADIPOQ	ADIPOR1	ADIPOR2	PRKAA1	PRKAA2	PRKAB1	PRKAB2	PRKAG1	PRKAG3	PRKAG2	PFKFB1	PFKFB2	PFKFB3	PFKFB4	FBP1	FBP2	PFKM	PFKP	PFKL	HNF4A	G6PC	G6PC2	G6PC3	PCK1	PCK2	CRTC2	CREB1	CREB3	CREB3L1	CREB3L2	CREB3L3	CREB3L4	CREB5	PPARGC1A	ELAVL1	CCND1	CCNA2	CCNA1	EEF2K	kinase-like	EEF2	FOXO1	FOXO3	SIRT1	SLC2A4	GYS2	GYS1	LIPE	HMGCR	SREBF1	FASN	ACACA	ACACB	SCD	SCD5	MLYCD	CPT1A	CPT1B	CPT1C	PPP2CA	PPP2CB	PPP2R1B	PPP2R1A	PPP2R2A	PPP2R2B	PPP2R2C	PPP2R2D	PPP2R3B	PPP2R3C	PPP2R3A	PPP2R5B	PPP2R5C	PPP2R5D	PPP2R5E	PPP2R5A	TBC1D1	RAB2A	RAB8A	RAB10	RAB11B	RAB14	CFTR	CD36	IGF1	IGF1R	INS	INSR	IRS1	IRS2	IRS4	PIK3CA	PIK3CD	PIK3CB	PIK3CG	PIK3R1	PIK3R5	PIK3R2	PIK3R3	PDPK1	AKT1	AKT2	AKT3	TSC2	TSC1	RHEB	MTOR	RPTOR	AKT1S1	RPS6KB1	RPS6KB2	EIF4EBP1	PPARG	ULK1																																																																																																																																																																																																																															
ADRENERGIC_SIGNALING_IN_CARDIOMYOCYTES	dummytext	ADRB1	ADRB2	GNAS	ADCY1	ADCY2	ADCY3	ADCY4	ADCY5	ADCY6	ADCY7	ADCY8	ADCY9	PRKACA	PRKACB	PRKACG	PRKX	ATP1A1	ATP1A2	ATP1A3	ATP1A4	ATP1B4	ATP1B1	ATP1B2	ATP1B3	FXYD2	SLC9A1	KCNQ1	KCNE1	ATP2B1	ATP2B3	ATP2B4	ATP2B2	SCN5A	SCN7A	SCN1B	SCN4B	CACNA1C	CACNA1D	CACNA1F	CACNA1S	CACNB1	CACNB2	CACNB3	CACNB4	CACNA2D1	CACNA2D2	CACNA2D3	CACNA2D4	CACNG1	CACNG2	CACNG3	CACNG4	CACNG5	CACNG6	CACNG7	CACNG8	CALML3	CALM2	CALM3	CALM1	CALML6	CALML5	CAMK2A	CAMK2D	CAMK2B	CAMK2G	RYR2	PPP2CA	PPP2CB	PPP2R1B	PPP2R1A	PPP2R2A	PPP2R2B	PPP2R2C	PPP2R2D	PPP2R3B	PPP2R3C	PPP2R3A	PPP2R5B	PPP2R5C	PPP2R5D	PPP2R5E	PPP2R5A	PPP1CA	PPP1CB	PPP1CC	TNNC1	TNNI3	TNNT2	TPM1	TPM2	TPM3	TPM4	ACTC1	MYH7	MYH6	MYL2	MYL3	MYL4	PLN	AGTR1	AGTR2	ADRA1A	ADRA1B	ADRA1D	GNAQ	PLCB1	PLCB2	PLCB3	PLCB4	PPP1R1A	MAPK1	MAPK3	RPS6KA5	CREB1	ATF2	ATF4	CREB3	CREB3L1	CREB3L2	CREB3L3	CREB3L4	CREB5	ATF6B	CREM	BCL2	RAPGEF3	RAPGEF4	MAPK11	MAPK12	MAPK13	MAPK14	GNAI1	GNAI3	GNAI2	PIK3CA	PIK3CD	PIK3CB	PIK3CG	PIK3R1	PIK3R5	PIK3R2	PIK3R3	AKT1	AKT2	AKT3	ATP2A2	PRKCA	SLC8A1																																																																																																																																																																																																						
WNT_SIGNALING_PATHWAY	dummytext	PORCN	WNT1	WNT2	WNT2B	WNT3	WNT3A	WNT4	WNT5A	WNT5B	WNT6	WNT7A	WNT7B	WNT8A	WNT8B	WNT9A	WNT9B	WNT10B	WNT10A	WNT11	WNT16	CER1	WIF1	SOST	DKK1	DKK2	DKK4	SFRP1	SFRP2	SFRP4	SFRP5	FZD1	FZD7	FZD2	FZD3	FZD4	FZD5	FZD8	FZD6	FZD10	FZD9	LRP5	LRP6	BAMBI	CSNK1E	readthrough	DVL3	DVL2	DVL1	FRAT1	FRAT2	CSNK2A1	CSNK2A2	CSNK2B	NKD1	NKD2	CXXC4	SENP2	GSK3B	CTNNB1	AXIN1	AXIN2	APC	APC2	CSNK1A1L	CSNK1A1	TCF7	TCF7L1	TCF7L2	LEF1	CTNNBIP1	CHD8	SOX17	CTBP1	CTBP2	CREBBP	EP300	RUVBL1	SMAD4	MAP3K7	NLK	MYC	JUN	FOSL1	CCND1	CCND2	CCND3	PPARD	MMP7	PSEN1	PRKACA	PRKACB	PRKACG	PRKX	TP53	SIAH1	CACYBP	SKP1	TBL1X	TBL1Y	TBL1XR1	BTRC	FBXW11	CUL1	RBX1	GPC4	VANGL2	VANGL1	PRICKLE1	PRICKLE2	DAAM1	DAAM2	RHOA	ROCK2	RAC1	RAC2	RAC3	MAPK8	MAPK10	MAPK9	PLCB1	PLCB2	PLCB3	PLCB4	CAMK2A	CAMK2D	CAMK2B	CAMK2G	PPP3CA	PPP3CB	PPP3CC	PPP3R1	PPP3R2	PRKCA	PRKCB	PRKCG	NFATC1	NFATC2	NFATC3	NFATC4	SMAD3																																																																																																																																																																																																															
NOTCH_SIGNALING_PATHWAY	dummytext	DLL3	DLL1	DLL4	JAG1	JAG2	MFNG	LFNG	RFNG	NOTCH1	NOTCH2	NOTCH3	NOTCH4	RBPJL	RBPJ	HES1	HES5	PTCRA	DVL3	DVL2	DVL1	NUMB	NUMBL	DTX2	DTX3L	DTX1	DTX3	DTX4	ADAM17	PSEN1	PSEN2	PSENEN	NCSTN	APH1A	APH1B	MAML3	MAML2	MAML1	CREBBP	EP300	KAT2B	KAT2A	SNW1	CTBP1	CTBP2	NCOR2	CIR1	HDAC1	HDAC2																																																																																																																																																																																																																																																																																																											
HEDGEHOG_SIGNALING_PATHWAY	dummytext	SHH	IHH	DHH	PTCH1	PTCH2	SMO	STK36	SUFU	GLI1	GLI2	GLI3	WNT1	WNT2	WNT2B	WNT3	WNT3A	WNT4	WNT5A	WNT5B	WNT6	WNT7A	WNT7B	WNT8A	WNT8B	WNT9A	WNT9B	WNT10B	WNT10A	WNT11	WNT16	BMP2	BMP4	HHIP	GAS1	LRP2	RAB23	PRKACA	PRKACB	PRKACG	PRKX	GSK3B	CSNK1A1L	CSNK1A1	CSNK1G2	CSNK1G3	CSNK1G1	CSNK1D	CSNK1E	readthrough	BTRC	FBXW11	ZIC2																																																																																																																																																																																																																																																																																																							
TGF-BETA_SIGNALING_PATHWAY	dummytext	CHRD	NOG	THBS1	DCN	LEFTY1	LEFTY2	FST	BMP2	BMP4	BMP5	BMP6	BMP7	BMP8B	BMP8A	GDF7	GDF5	GDF6	AMH	TGFB1	TGFB2	TGFB3	INHBA	INHBB	INHBC	INHBE	NODAL	BMPR2	AMHR2	TGFBR2	ACVR2A	ACVR2B	BMPR1A	BMPR1B	ACVR1	TGFBR1	ACVR1B	BAMBI	SMAD1	SMAD5	SMAD9	SMAD2	SMAD3	SMAD4	SMAD6	SMAD7	SMURF1	SMURF2	ZFYVE9	ZFYVE16	ID1	ID2	ID3	ID4	RBL1	E2F4	E2F5	TFDP1	CREBBP	EP300	SP1	MYC	CDKN2B	PITX2	RBX1	CUL1	SKP1	MAPK1	MAPK3	IFNG	TNF	RHOA	ROCK1	PPP2R1B	PPP2R1A	PPP2CA	PPP2CB	RPS6KB1	RPS6KB2	ACVR1C	LTBP1																																																																																																																																																																																																																																																																											
VEGF_SIGNALING_PATHWAY	dummytext	VEGFA	KDR	SH2D2A	PLCG1	PLCG2	PRKCA	PRKCB	PRKCG	SPHK1	SPHK2	HRAS	KRAS	NRAS	RAF1	MAP2K1	MAP2K2	MAPK1	MAPK3	PLA2G4E	PLA2G4A	JMJD7-PLA2G4B	PLA2G4B	PLA2G4C	PLA2G4D	PLA2G4F	PPP3CA	PPP3CB	PPP3CC	PPP3R1	PPP3R2	NFATC2	PTGS2	PTK2	SHC2	PXN	CDC42	MAPK11	MAPK12	MAPK13	MAPK14	MAPKAPK2	MAPKAPK3	HSPB1	SRC	PIK3CA	PIK3CD	PIK3CB	PIK3CG	PIK3R1	PIK3R5	PIK3R2	PIK3R3	RAC1	RAC2	RAC3	AKT1	AKT2	AKT3	NOS3	CASP9	BAD																																																																																																																																																																																																																																																																																														
HIPPO_SIGNALING_PATHWAY	dummytext	CRB2	CRB1	PARD3	PARD6A	PARD6G	PARD6B	PRKCZ	PRKCI	INADL	MPP5	AMOT	YAP1	WWTR1	CDH1	LIMD1	AJUBA	WTIP	NF2	WWC1	FRMD1	FRMD6	SAV1	STK3	RASSF6	RASSF1	PPP2CA	PPP2CB	PPP2R1B	PPP2R1A	PPP2R2A	PPP2R2B	PPP2R2C	PPP2R2D	LATS2	LATS1	MOB1A	MOB1B	PPP1CA	PPP1CB	PPP1CC	TP53BP2	LLGL2	LLGL1	SCRIB	DLG1	DLG4	DLG2	DLG3	CSNK1D	CSNK1E	readthrough	BTRC	FBXW11	TP73	BBC3	TEAD1	TEAD4	TEAD3	TEAD2	CTGF	GLI2	AREG	BIRC5	AFP	ITGB2	FGF1	TGFB1	TGFB2	TGFB3	TGFBR1	TGFBR2	SMAD2	SMAD3	SMAD4	SERPINE1	BMP2	BMP4	BMP5	BMP6	BMP7	BMP8B	BMP8A	GDF7	GDF5	GDF6	AMH	BMPR1A	BMPR1B	BMPR2	SMAD1	ID1	ID2	WNT1	WNT2	WNT2B	WNT3	WNT3A	WNT4	WNT5A	WNT5B	WNT6	WNT7A	WNT7B	WNT8A	WNT8B	WNT9A	WNT9B	WNT10B	WNT10A	WNT11	WNT16	FZD1	FZD7	FZD2	FZD3	FZD4	FZD5	FZD8	FZD6	FZD10	FZD9	DVL3	DVL2	DVL1	YWHAZ	YWHAB	YWHAQ	YWHAE	YWHAH	YWHAG	GSK3B	CTNNB1	APC	APC2	AXIN1	AXIN2	TCF7	TCF7L1	TCF7L2	LEF1	MYC	CCND1	CCND2	CCND3	SOX2	SNAI2	ACTB	ACTG1	CTNNA3	CTNNA1	CTNNA2	BIRC2	SMAD7	NKD1																																																																																																																																																																																																	
SIGNALING_PATHWAYS_REGULATING_PLURIPOTENCY_OF_STEM_CELLS	dummytext	LIF	LIFR	IL6ST	JAK1	JAK2	JAK3	STAT3	KLF4	SOX2	MYC	GRB2	MAP2K1	MAP2K2	MAPK1	MAPK3	PIK3CA	PIK3CD	PIK3CB	PIK3CG	PIK3R1	PIK3R5	PIK3R2	PIK3R3	AKT1	AKT2	AKT3	TBX3	NANOG	INHBA	INHBB	INHBC	INHBE	NODAL	ACVR1B	ACVR1C	ACVR2A	ACVR2B	SMAD2	SMAD3	BMP2	BMP4	BMPR1A	BMPR1B	ACVR1	BMPR2	SMAD1	SMAD5	SMAD9	SMAD4	ID1	ID2	ID3	ID4	DUSP9	MAPK11	MAPK12	MAPK13	MAPK14	WNT1	WNT2	WNT2B	WNT3	WNT3A	WNT4	WNT5A	WNT5B	WNT6	WNT7A	WNT7B	WNT8A	WNT8B	WNT9A	WNT9B	WNT10B	WNT10A	WNT11	WNT16	FZD1	FZD7	FZD2	FZD3	FZD4	FZD5	FZD8	FZD6	FZD10	FZD9	DVL3	DVL2	DVL1	GSK3B	AXIN1	AXIN2	APC	APC2	CTNNB1	TCF3	ESRRB	HNF1A	POU5F1	POU5F1B	FGF2	FGFR1	FGFR2	FGFR3	FGFR4	HRAS	KRAS	NRAS	RAF1	IGF1	IGF1R	HESX1	ZIC3	SKIL	SMARCAD1	KAT6A	SETDB1	JARID2	REST	RIF1	PCGF1	PCGF2	PCGF3	BMI1	COMMD3-BMI1	PCGF5	PCGF6	PAX6	MEIS1	LHX5	OTX1	NEUROG1	HAND1	DLX5	MYF5	ONECUT1	ISL1	ZFHX3	ESX1	HOXB1	LEFTY2																																																																																																																																																																																																													
TOLL-LIKE_RECEPTOR_SIGNALING_PATHWAY	dummytext	TLR1	TLR2	TLR6	LBP	CD14	LY96	TLR3	TLR4	TLR5	TLR7	TLR8	CTSK	TLR9	RAC1	PIK3CA	PIK3CD	PIK3CB	PIK3CG	PIK3R1	PIK3R5	PIK3R2	PIK3R3	AKT1	AKT2	AKT3	TOLLIP	MYD88	TIRAP	FADD	CASP8	IRAK4	IRAK1	TRAF6	TAB1	TAB2	MAP3K7	IKBKG	CHUK	IKBKB	NFKBIA	NFKB1	RELA	MAP3K8	MAP2K1	MAP2K2	MAPK1	MAPK3	MAP2K3	MAP2K6	MAP2K4	MAP2K7	MAPK11	MAPK12	MAPK13	MAPK14	MAPK8	MAPK10	MAPK9	JUN	FOS	TNF	IL1B	IL6	IL12A	IL12B	CXCL8	CCL5	CCL3	CCL3L1	CCL3L3	CCL4	CCL4L2	CCL4L1	TICAM2	TICAM1	RIPK1	IRF5	IRF7	SPP1	IKBKE	TBK1	TRAF3	IRF3	CD40	CD80	CD86	IFNA1	IFNA2	IFNA4	IFNA5	IFNA6	IFNA7	IFNA8	IFNA10	IFNA13	IFNA14	IFNA16	IFNA17	IFNA21	IFNB1	IFNAR1	IFNAR2	STAT1	CXCL10	CXCL9	CXCL11																																																																																																																																																																																																																																																	
NOD-LIKE_RECEPTOR_SIGNALING_PATHWAY	dummytext	NOD1	NOD2	TRIP6	RIPK2	TRAF6	IKBKG	CHUK	IKBKB	NFKBIB	NFKBIA	NFKB1	RELA	CXCL8	CCL2	CCL5	TNF	IL6	MAP3K7	TAB1	TAB2	TAB3	MAPK1	MAPK3	MAPK8	MAPK10	MAPK9	MAPK11	MAPK12	MAPK13	MAPK14	CARD9	CASP8	SUGT1	ERBB2IP	CARD6	BIRC2	BIRC3	TNFAIP3	NLRP1	PYCARD	CASP1	CASP5	NLRP3	CARD8	PYDC1	MEFV	PSTPIP1	HSP90AA1	HSP90AB1	HSP90B1	NLRC4	CARD18	NAIP	IL1B	IL18	CXCL1	CXCL2																																																																																																																																																																																																																																																																																																		
RIG-I-LIKE_RECEPTOR_SIGNALING_PATHWAY	dummytext	DDX58	IFIH1	MAVS	DHX58	TRAF3	TANK	AZI2	TBKBP1	IKBKG	TBK1	IKBKE	IRF3	IRF7	IFNA1	IFNA2	IFNA4	IFNA5	IFNA6	IFNA7	IFNA8	IFNA10	IFNA13	IFNA14	IFNA16	IFNA17	IFNA21	IFNB1	IFNW1	IFNE	IFNK	TRADD	FADD	RIPK1	CASP8	CASP10	CHUK	IKBKB	NFKBIB	NFKBIA	NFKB1	RELA	TRAF2	MAP3K7	TRAF6	MAP3K1	MAPK8	MAPK10	MAPK9	MAPK11	MAPK12	MAPK13	MAPK14	CXCL8	TNF	IL12A	IL12B	CXCL10	TRIM25	CYLD	RNF125	ISG15	ATG5	ATG12	NLRX1	TMEM173	OTUD5	SIKE1	DDX3X	PIN1	DAK																																																																																																																																																																																																																																																																																					
JAK-STAT_SIGNALING_PATHWAY	dummytext	THPO	EPO	GH1	GH2	CSH1	CSH2	PRL	IFNG	IFNA1	IFNA2	IFNA4	IFNA5	IFNA6	IFNA7	IFNA8	IFNA10	IFNA13	IFNA14	IFNA16	IFNA17	IFNA21	IFNB1	IFNW1	IFNK	IFNE	IL10	IL19	IL20	IL24	IL22	IL26	IFNL2	IFNL3	IFNL1	IL3	CSF2	IL5	IL2	IL4	IL7	IL9	IL15	IL21	IL13	TSLP	IL6	IL12A	IL11	OSM	LIF	CNTF	CLCF1	CTF1	CSF3	LEP	IL12B	IL23A	IL3RA	CSF2RB	IL6R	IL11RA	OSMR	LIFR	CNTFR	IL6ST	CSF3R	LEPR	IL12RB1	IL12RB2	IL23R	CSF2RA	IL5RA	IL2RA	IL2RB	IL2RG	IL4R	IL7R	IL9R	IL15RA	IL21R	IL13RA1	IL13RA2	CRLF2	EPOR	GHR	PRLR	MPL	IFNAR1	IFNAR2	IFNGR1	IFNGR2	IL10RA	IL10RB	IL20RA	IL20RB	IL22RA1	IL22RA2	IFNLR1	JAK1	JAK2	JAK3	TYK2	STAT1	STAT2	STAT3	STAT4	STAT5A	STAT5B	STAT6	IRF9	CREBBP	EP300	SOCS1	SOCS2	SOCS3	SOCS4	SOCS5	SOCS7	CISH	PIM1	MYC	CCND1	CCND2	CCND3	BCL2L1	SPRED1	SPRED2	SPRED3	SPRY1	SPRY2	SPRY4	STAM2	STAM	PIAS1	PIAS2	PIAS3	PIAS4	CBLC	CBL	CBLB	PTPN11	GRB2	SOS1	SOS2	PIK3CA	PIK3CD	PIK3CB	PIK3CG	PIK3R1	PIK3R5	PIK3R2	PIK3R3	AKT1	AKT2	AKT3	PTPN6																																																																																																																																																																																															
T_CELL_RECEPTOR_SIGNALING_PATHWAY	dummytext	CD3D	CD3E	CD3G	CD247	CD4	CD8A	CD8B	PTPRC	LCK	FYN	ZAP70	LCP2	LAT	ITK	TEC	NCK1	NCK2	VAV3	VAV1	VAV2	GRAP2	GRB2	PAK1	PAK2	PAK3	PAK4	PAK6	PAK7	RHOA	CDC42	DLG1	MAPK11	MAPK12	MAPK13	MAPK14	PLCG1	PPP3CA	PPP3CB	PPP3CC	PPP3R1	PPP3R2	NFATC1	NFATC2	NFATC3	SOS1	SOS2	RASGRP1	HRAS	KRAS	NRAS	RAF1	MAP2K1	MAP2K2	MAPK1	MAPK3	FOS	JUN	PRKCQ	CARD11	BCL10	MALT1	MAP3K7	MAP2K7	CHUK	IKBKB	IKBKG	NFKB1	RELA	NFKBIA	NFKBIB	NFKBIE	CD28	ICOS	CD40LG	PIK3R1	PIK3R5	PIK3R2	PIK3R3	PIK3CA	PIK3CD	PIK3CB	PIK3CG	PDPK1	AKT1	AKT2	AKT3	MAP3K8	MAP3K14	GSK3B	PDCD1	CTLA4	PTPN6	CBLC	CBL	CBLB	IL2	IL4	IL5	IL10	IFNG	CSF2	TNF	CDK4	MAPK9																																																																																																																																																																																																																																																			
B_CELL_RECEPTOR_SIGNALING_PATHWAY	dummytext	CD79A	CD79B	LYN	SYK	BTK	DAPP1	BLNK	VAV3	VAV1	VAV2	RAC1	RAC2	RAC3	PLCG2	PPP3CA	PPP3CB	PPP3CC	PPP3R1	PPP3R2	NFATC1	NFATC2	NFATC3	GRB2	SOS1	SOS2	RASGRP3	HRAS	KRAS	NRAS	RAF1	MAP2K1	MAP2K2	MAPK1	MAPK3	FOS	JUN	CARD11	BCL10	MALT1	CHUK	IKBKB	IKBKG	NFKB1	RELA	NFKBIA	NFKBIB	NFKBIE	CD81	CD19	CR2	PIK3R1	PIK3R5	PIK3R2	PIK3R3	PIK3CA	PIK3CD	PIK3CB	PIK3CG	AKT1	AKT2	AKT3	GSK3B	INPP5D	INPPL1	CD22	CD72	PTPN6	PIK3AP1	LILRB3	FCGR2B	PRKCB	IFITM1																																																																																																																																																																																																																																																																																			
FC_EPSILON_RI_SIGNALING_PATHWAY	dummytext	FCER1A	MS4A2	FCER1G	SYK	LYN	BTK	INPP5D	PLCG1	PLCG2	PIK3CA	PIK3CD	PIK3CB	PIK3CG	PIK3R1	PIK3R5	PIK3R2	PIK3R3	PDPK1	AKT1	AKT2	AKT3	RAC1	RAC2	RAC3	MAP2K4	MAP2K7	MAP2K3	MAP2K6	MAPK8	MAPK10	MAPK9	MAPK11	MAPK12	MAPK13	MAPK14	IL4	IL13	IL3	IL5	CSF2	TNF	LCP2	VAV3	VAV1	VAV2	FYN	GAB2	LAT	GRB2	SOS1	SOS2	HRAS	KRAS	NRAS	RAF1	MAP2K1	MAP2K2	MAPK1	MAPK3	PLA2G4E	PLA2G4A	JMJD7-PLA2G4B	PLA2G4B	PLA2G4C	PLA2G4D	PLA2G4F	PRKCA	PRKCB	PRKCD	PRKCE																																																																																																																																																																																																																																																																																					
TNF_SIGNALING_PATHWAY	dummytext	TNF	TNFRSF1A	BAG4	TRADD	TRAF2	TRAF5	RIPK1	BIRC2	BIRC3	MAP3K7	TAB1	TAB2	TAB3	MAP2K4	MAP2K7	MAPK8	MAPK10	MAPK9	JUN	ITCH	CFLAR	MAP2K3	MAP2K6	MAPK11	MAPK12	MAPK13	MAPK14	CEBPB	MAP3K5	MAP3K14	IKBKG	IKBKB	CHUK	NFKBIA	RELA	NFKB1	MAP3K8	MAP2K1	MAPK1	MAPK3	RPS6KA5	RPS6KA4	CREB1	CREB3	CREB3L1	CREB3L2	CREB3L3	CREB3L4	ATF2	ATF4	CREB5	ATF6B	RIPK3	MLKL	PGAM5	DNM1L	FADD	CASP8	CASP10	CASP7	CASP3	CCL2	CCL5	CCL20	CXCL1	CXCL2	CXCL3	CXCL10	CX3CL1	CSF1	CSF2	FAS	IL18R1	IL1B	IL6	IL15	LIF	LTA	BCL3	SOCS3	TNFAIP3	TRAF1	FOS	JUNB	MMP3	MMP9	MMP14	EDN1	NOD2	ICAM1	SELE	VCAM1	PTGS2	TNFRSF1B	TRAF3	PIK3CA	PIK3CD	PIK3CB	PIK3CG	PIK3R1	PIK3R5	PIK3R2	PIK3R3	AKT1	AKT2	AKT3	MAGI2	JAG1	CXCL5	VEGFC																																																																																																																																																																																																																																													
NEUROTROPHIN_SIGNALING_PATHWAY	dummytext	NGF	BDNF	NTF4	NTF3	NTRK1	NTRK2	NTRK3	SH2B2	SH2B1	SH2B3	GRB2	SOS1	SOS2	HRAS	KRAS	NRAS	RAF1	BRAF	MAP2K1	MAP2K2	MAPK1	MAPK3	RPS6KA3	RPS6KA1	RPS6KA2	RPS6KA6	RPS6KA5	ATF4	BCL2	KIDINS220	FRS2	CRK	CRKL	RAPGEF1	RAP1A	RAP1B	MAP3K3	MAP2K5	MAPK7	MAPK11	MAPK12	MAPK13	MAPK14	MAPKAPK2	SHC1	SHC2	SHC3	SHC4	GAB1	PIK3R1	PIK3R5	PIK3R2	PIK3R3	PIK3CA	PIK3CD	PIK3CB	PIK3CG	AKT1	AKT2	AKT3	NFKBIB	NFKBIA	NFKBIE	NFKB1	RELA	FOXO3	FASLG	BAD	GSK3B	PDPK1	IRS1	PLCG1	PLCG2	PRKCD	CALML3	CALM2	CALM3	CALM1	CALML6	CALML5	CAMK2A	CAMK2D	CAMK2B	CAMK2G	CAMK4	ABL1	PTPN11	MATK	NGFR	ARHGDIB	ARHGDIA	ARHGDIG	RHOA	CDC42	RAC1	MAP3K1	MAP3K5	MAP2K7	MAPK8	MAPK10	MAPK9	JUN	TP53	BAX	TP73	TRAF6	ZNF274	PRDM4	MAGED1	NGFRAP1	YWHAE	RIPK2	IRAK1	IRAK2	IRAK3	IRAK4	IKBKB	SORT1	PSEN1	PSEN2																																																																																																																																																																																																																																			
RETROGRADE_ENDOCANNABINOID_SIGNALING	dummytext	SLC17A6	SLC17A8	SLC17A7	GRIA1	GRIA2	GRIA3	GRIA4	CACNA1C	CACNA1D	CACNA1F	CACNA1S	GRM1	GRM5	GNAQ	PLCB1	PLCB2	PLCB3	PLCB4	ITPR1	ITPR2	ITPR3	NAPEPLD	PRKCA	PRKCB	PRKCG	DAGLA	DAGLB	PTGS2	ABHD6	FAAH	CNR1	GNAI1	GNAI3	GNAI2	GNAO1	GNB1	GNB2	GNB3	GNB4	GNB5	GNG2	GNG3	GNG4	GNG5	GNG7	GNG8	GNG10	GNG11	GNG12	protein)	GNG13	GNGT1	GNGT2	KCNJ3	KCNJ6	KCNJ9	KCNJ5	CACNA1A	CACNA1B	MAPK1	MAPK3	MAPK8	MAPK10	MAPK9	MAPK11	MAPK12	MAPK13	MAPK14	ADCY1	ADCY2	ADCY3	ADCY4	ADCY5	ADCY6	ADCY7	ADCY8	ADCY9	PRKACA	PRKACB	PRKACG	PRKX	MGLL	SLC32A1	RIMS1	GABRA1	GABRA2	GABRA3	GABRA4	GABRA5	GABRA6	GABRB1	GABRB3	GABRB2	GABRG1	GABRG2	GABRG3	GABRD	GABRE	GABRQ	GABRP	GABRR1	GABRR2	GABRR3																																																																																																																																																																																																																																																				
INSULIN_SIGNALING_PATHWAY	dummytext	INS	INSR	IRS1	IRS2	IRS4	PIK3R1	PIK3R5	PIK3R2	PIK3R3	PIK3CA	PIK3CD	PIK3CB	PIK3CG	PDPK1	AKT1	AKT2	AKT3	GSK3B	GYS2	GYS1	PPP1CA	PPP1CB	PPP1CC	PPP1R3A	PPP1R3C	PPP1R3D	PPP1R3B	PPP1R3E	PPP1R3F	PHKG1	PHKG2	PHKB	PHKA2	PHKA1	CALML3	CALM2	CALM3	CALM1	CALML6	CALML5	PYGL	PYGM	PYGB	PDE3B	PRKACA	PRKACB	PRKACG	PRKX	PRKAR1A	PRKAR2A	PRKAR2B	PRKAR1B	LIPE	PRKCZ	PRKCI	SLC2A4	FLOT2	FLOT1	SH2B2	SORBS1	CBLC	CBL	CBLB	CRK	CRKL	RAPGEF1	RHOQ	EXOC7	TRIP10	SREBF1	ACACA	ACACB	FASN	PKLR	HK3	HK1	HK2	HKDC1	GCK	PRKAA1	PRKAA2	PRKAB1	PRKAB2	PRKAG1	PRKAG3	PRKAG2	FOXO1	PPARGC1A	G6PC	G6PC2	G6PC3	FBP1	FBP2	PCK1	PCK2	MTOR	RPTOR	RPS6KB1	RPS6KB2	RPS6	EIF4EBP1	EIF4E	EIF4E2	EIF4E1B	TSC1	TSC2	RHEB	BAD	SHC1	SHC2	SHC3	SHC4	GRB2	SOS1	SOS2	HRAS	KRAS	NRAS	ARAF	BRAF	RAF1	MAP2K1	MAP2K2	MAPK1	MAPK3	MKNK1	MKNK2	ELK1	SOCS1	SOCS2	SOCS3	SOCS4	PTPN1	PTPRF	MAPK8	MAPK10	MAPK9	IKBKB	INPPL1	INPP5K																																																																																																																																																																																																															
GNRH_SIGNALING_PATHWAY	dummytext	GNRH1	GNRH2	GNRHR	GNAS	ADCY1	ADCY2	ADCY3	ADCY4	ADCY5	ADCY6	ADCY7	ADCY8	ADCY9	PRKACA	PRKACB	PRKACG	PRKX	ATF4	GNAQ	GNA11	PLCB1	PLCB2	PLCB3	PLCB4	ITPR1	ITPR2	ITPR3	CALML3	CALM2	CALM3	CALM1	CALML6	CALML5	CAMK2A	CAMK2D	CAMK2B	CAMK2G	CACNA1C	CACNA1D	CACNA1F	CACNA1S	MAP3K1	MAP3K2	MAP3K3	MAP3K4	MAP2K3	MAP2K6	MAPK11	MAPK12	MAPK13	MAPK14	MAPK7	PLA2G4E	PLA2G4A	JMJD7-PLA2G4B	PLA2G4B	PLA2G4C	PLA2G4D	PLA2G4F	PLD1	PLD2	SRC	CDC42	MAP2K4	MAP2K7	MAPK8	MAPK10	MAPK9	JUN	LHB	CGA	FSHB	PTK2B	MMP2	MMP14	HBEGF	EGFR	GRB2	SOS1	SOS2	HRAS	KRAS	NRAS	RAF1	MAP2K1	MAP2K2	MAPK1	MAPK3	ELK1	PRKCA	PRKCB	PRKCD																																																																																																																																																																																																																																																															
ESTROGEN_SIGNALING_PATHWAY	dummytext	ESR1	ESR2	HSP90AA1	HSP90AB1	HSP90B1	FKBP4	FKBP5	HSPA8	HSPA1A	HSPA2	HSPA1L	HSPA1B	HSPA6	FOS	JUN	SP1	GPER1	GNAS	SRC	MMP2	MMP9	HBEGF	ADCY1	ADCY2	ADCY3	ADCY4	ADCY5	ADCY6	ADCY7	ADCY8	ADCY9	PRKACA	PRKACB	PRKACG	PRKX	CREB1	ATF2	ATF4	CREB3	CREB3L1	CREB3L2	CREB3L3	CREB3L4	CREB5	ATF6B	EGFR	SHC1	SHC2	SHC3	SHC4	GRB2	SOS1	SOS2	HRAS	KRAS	NRAS	RAF1	MAP2K1	MAP2K2	MAPK1	MAPK3	PIK3CA	PIK3CD	PIK3CB	PIK3CG	PIK3R1	PIK3R5	PIK3R2	PIK3R3	AKT1	AKT2	AKT3	GABBR1	GABBR2	GNAI1	GNAI3	GNAI2	GNAO1	KCNJ3	KCNJ6	KCNJ9	KCNJ5	OPRM1	PRKCD	GNAQ	PLCB1	PLCB2	PLCB3	PLCB4	ITPR1	ITPR2	ITPR3	CALML3	CALM2	CALM3	CALM1	CALML6	CALML5	NOS3	GRM1																																																																																																																																																																																																																																																							
PROLACTIN_SIGNALING_PATHWAY	dummytext	PRL	PRLR	JAK2	SHC1	SHC2	SHC3	SHC4	SRC	PIK3CA	PIK3CD	PIK3CB	PIK3CG	PIK3R1	PIK3R5	PIK3R2	PIK3R3	AKT1	AKT2	AKT3	FOXO3	GALT	GRB2	SOS1	SOS2	HRAS	KRAS	NRAS	RAF1	MAP2K1	MAP2K2	MAPK1	MAPK3	FOS	MAPK8	MAPK10	MAPK9	MAPK11	MAPK12	MAPK13	MAPK14	CCND1	GSK3B	CISH	SOCS1	SOCS2	SOCS3	SOCS4	SOCS5	SOCS6	SOCS7	STAT1	STAT3	STAT5A	STAT5B	TNFSF11	TNFRSF11A	NFKB1	RELA	ELF5	CSN2	CGA	LHB	LHCGR	CYP17A1	ESR1	ESR2	IRF1	TH	SLC2A2	GCK	CCND2	INS																																																																																																																																																																																																																																																																																			
THYROID_HORMONE_SIGNALING_PATHWAY	dummytext	PRKACA	PRKACB	PRKACG	PRKX	ITGAV	ITGB3	HRAS	KRAS	NRAS	RAF1	MAP2K1	MAP2K2	MAPK1	MAPK3	STAT1	TP53	ESR1	THRB	NCOR1	SIN3A	HDAC1	HDAC2	HDAC3	THRA	RXRA	RXRB	RXRG	KAT2B	KAT2A	NCOA1	NCOA2	NCOA3	CREBBP	EP300	MED4	MED12L	MED12	MED13L	MED13	MED14	MED16	MED17	MED24	MED27	MED30	MED1	CCND1	GATA4	RCAN1	HIF1A	MYC	PLN	WNT4	CTNNB1	NOTCH1	NOTCH2	NOTCH3	NOTCH4	PLCB1	PLCB2	PLCB3	PLCB4	PLCD1	PLCD3	PLCD4	PLCE1	PLCG1	PLCG2	PLCZ1	PRKCA	PRKCB	PRKCG	SLC9A1	ATP1A1	ATP1A2	ATP1A3	ATP1A4	ATP1B4	ATP1B1	ATP1B2	ATP1B3	FXYD2	SLC16A2	SLC16A10	SRC	PIK3CA	PIK3CD	PIK3CB	PIK3CG	PIK3R1	PIK3R5	PIK3R2	PIK3R3	PDPK1	AKT1	AKT2	AKT3	GSK3B	MDM2	TSC2	RHEB	MTOR	TBC1D4	PFKFB2	BAD	FOXO1	CASP9	RCAN2	SLC2A1	SLCO1C1	DIO1	DIO2	DIO3	ACTB	ACTG1	MYH6	ATP2A2	PFKP	BMP4																																																																																																																																																																																																																																				
ADIPOCYTOKINE_SIGNALING_PATHWAY	dummytext	TNF	TNFRSF1A	TRADD	TNFRSF1B	TRAF2	MTOR	MAPK8	MAPK10	MAPK9	CHUK	IKBKB	IKBKG	NFKBIA	NFKBIB	NFKBIE	NFKB1	RELA	SOCS3	IRS1	IRS2	IRS4	AKT1	AKT2	AKT3	CD36	ACSL6	ACSL4	ACSL1	ACSL5	ACSL3	ACSBG1	ACSBG2	PRKCQ	LEP	LEPR	JAK2	STAT3	POMC	PRKAA1	PRKAA2	PRKAB1	PRKAB2	PRKAG1	PRKAG3	PRKAG2	AGRP	NPY	PPARGC1A	PCK1	PCK2	G6PC	G6PC2	G6PC3	PTPN11	PPARA	RXRA	RXRB	RXRG	ADIPOQ	ADIPOR1	ADIPOR2	STK11	CAMKK1	CAMKK2	CPT1A	CPT1B	CPT1C	SLC2A1	SLC2A4	ACACB																																																																																																																																																																																																																																																																																					
OXYTOCIN_SIGNALING_PATHWAY	dummytext	OXT	OXTR	GNAQ	HRAS	KRAS	NRAS	RAF1	MAP2K1	MAP2K2	MAPK1	MAPK3	PLA2G4E	PLA2G4A	JMJD7-PLA2G4B	PLA2G4B	PLA2G4C	PLA2G4D	PLA2G4F	PTGS2	MAP2K5	MAPK7	JUN	FOS	MEF2C	CCND1	ELK1	RYR1	RYR2	RYR3	CD38	TRPM2	KCNJ2	KCNJ12	KCNJ4	KCNJ14	PLCB1	PLCB2	PLCB3	PLCB4	PRKCA	PRKCB	PRKCG	EEF2K	kinase-like	EEF2	CACNA1C	CACNA1D	CACNA1F	CACNA1S	CACNB1	CACNB2	CACNB3	CACNB4	CACNA2D1	CACNA2D2	CACNA2D3	CACNA2D4	CACNG1	CACNG2	CACNG3	CACNG4	CACNG5	CACNG6	CACNG7	CACNG8	ITPR1	ITPR2	ITPR3	CALML3	CALM2	CALM3	CALM1	CALML6	CALML5	PPP3CA	PPP3CB	PPP3CC	PPP3R1	PPP3R2	NFATC1	NFATC2	NFATC3	NFATC4	RGS2	RCAN1	CAMKK1	CAMKK2	PRKAA1	PRKAA2	PRKAB1	PRKAB2	PRKAG1	PRKAG3	PRKAG2	CAMK1D	CAMK1G	CAMK1	CAMK2A	CAMK2D	CAMK2B	CAMK2G	CAMK4	NOS3	GUCY1A2	GUCY1A3	GUCY1B3	NPR1	NPR2	MYLK	MYLK2	MYLK3	MYLK4	MYL6B	MYL6	MYL9	ACTB	ACTG1	RHOA	ROCK1	ROCK2	PPP1CA	PPP1CB	PPP1CC	PPP1R12A	PPP1R12B	PPP1R12C	GNAS	ADCY1	ADCY2	ADCY3	ADCY4	ADCY5	ADCY6	ADCY7	ADCY8	ADCY9	PRKACA	PRKACB	PRKACG	PRKX	GNAI1	GNAI3	GNAI2	GNAO1	PIK3CA	PIK3CD	PIK3CB	PIK3CG	PIK3R1	PIK3R5	PIK3R2	PIK3R3	SRC	KCNJ3	KCNJ6	KCNJ9	KCNJ5	EGFR	CDKN1A																																																																																																																																																																																												
GLUCAGON_SIGNALING_PATHWAY	dummytext	AKT1	AKT2	AKT3	PDE3B	GCG	GCGR	GNAS	ADCY2	PRKACA	PRKACB	PRKACG	PRKX	CREB1	ATF2	ATF4	CREB3	CREB3L1	CREB3L2	CREB3L3	CREB3L4	CREB5	SMEK1	SMEK2	PPP4C	CRTC2	SIK2	CREBBP	EP300	PPARGC1A	SIK1	GNAQ	PLCB1	PLCB2	PLCB3	PLCB4	ITPR1	ITPR2	ITPR3	PPP3CA	PPP3CB	PPP3CC	PPP3R1	PPP3R2	CAMK2A	CAMK2D	CAMK2B	CAMK2G	FOXO1	SIRT1	PPARA	PRMT1	G6PC	G6PC2	G6PC3	PCK1	PCK2	CPT1A	CPT1B	CPT1C	GYS2	GYS1	PHKB	PHKA2	PHKA1	PHKG1	PHKG2	CALML3	CALM2	CALM3	CALM1	CALML6	CALML5	PYGL	PYGM	PYGB	PFKFB1	PRKAA1	PRKAA2	PRKAB1	PRKAB2	PRKAG1	PRKAG3	PRKAG2	ACACA	ACACB	SLC2A1	SLC2A2	GCK	PGAM1	PGAM2	PGAM4	PKM	PDHA2	PDHA1	PDHB	LDHAL6A	LDHAL6B	LDHA	LDHB	LDHC	FBP1	PFKL																																																																																																																																																																																																																																																					
EPITHELIAL_CELL_SIGNALING_IN_HELICOBACTER_PYLORI_INFECTION	dummytext	PTPN11	MET	PLCG1	PLCG2	TJP1	F11R	JAM2	JAM3	IGSF5	ADAM17	HBEGF	EGFR	CXCL8	CXCR1	CXCR2	ADAM10	SRC	LYN	CSK	RAC1	CDC42	MAPK11	MAPK12	MAPK13	MAPK14	PAK1	MAP2K4	MAPK8	MAPK10	MAPK9	JUN	MAP3K14	CHUK	IKBKB	IKBKG	NFKBIA	NFKB1	RELA	NOD1	CCL5	PTPRZ1	GIT1	CASP3	ATP6V1A	ATP6V1B1	ATP6V1B2	ATP6V1C2	ATP6V1C1	ATP6V1D	ATP6V1E2	ATP6V1E1	ATP6V1F	ATP6V1G1	ATP6V1G3	ATP6V1G2	ATP6V0E1	ATP6V0E2	TCIRG1	ATP6V0A2	ATP6V0A4	ATP6V0A1	ATP6V0D1	ATP6V0D2	ATP6V1H	ATP6AP1	ATP6V0C	ATP6V0B	CXCL1																																																																																																																																																																																																																																																																																							
